make,model_range,ids_code,description,model_year,model_year_decimal,body_style,long_description,model_group,model_tree_description,special_edition,vehicle_tree_description,current_vehicle,commercial,reclaim_vat,basic_price,manufacturers_delivery_price,mrp,p11d_price,date_of_introduction,end_of_production,price_list_date,door,engine_size,insurance_group,fuel_type,transmission_type,mpg_urban,mpg_extra_urban,mpg_combined,co2_emissions,euro_emissions,bhp,power_ps,power_kw,torque,rpm_for_torque,length,width,height,gross_vehicle_weight,unladen_weight,towing_weight_braked,towing_weight_unbraked,wheel_base,ground_clearance,fuel_tank_size,boot_capacity,maximum_speed,acceleration_0_100_kph,acceleration_0_60_mph,front_tyres,rear_tyres,spare_tyre,front_brakes,rear_brakes,servicing_indication,image_filename,gears,axles,manufacturer_model_description,seats,otr_price,win_commercial,parent_ids_code,trim,vehicle_factory_code,fleetware_code
Ford,Ford FOCUS 5DR HATCH model range     NEW,FO043974,FOCUS HAT 2.3 ECB 280 ST,24A,2024.01,Hatchback,Focus Hatch 2.3 Ecb 280 ST,Focus,Focus 5 Door Hatch,FALSE,2.3 Ecb 280 ST,TRUE,FALSE,FALSE,30441.67,20.83,36530,36555,08/04/2024,NULL,08/04/2024,5,2298,13,Petrol,Manual,NULL,NULL,NULL,NULL,6,276,157.15,108.32,309.8,NULL,4358,2010,1484,NULL,NULL,NULL,NULL,2648,NULL,55,11.2,155,5.7,NULL,235/35R19 Y,235/35R19 Y,Space saver,VENT DISC,DISC,FALSE,focus-hatch-fo5f-24a.jpg,6,NULL,Focus Hatch,5,37705,0,FO042261,ST,NULL,191705
Ford,Ford FOCUS 5DR HATCH model range     NEW,FO043975,FOCUS HAT 2.3 ECB 280 ST AU,24A,2024.01,Hatchback,Focus Hatch 2.3 Ecb 280 ST Auto,Focus,Focus 5 Door Hatch,FALSE,2.3 Ecb 280 ST Auto,TRUE,FALSE,FALSE,31650,20.83,37980,38005,08/04/2024,NULL,08/04/2024,5,2298,13,Petrol,Automatic,NULL,NULL,NULL,NULL,6,276,157.15,108.32,306.1,NULL,4358,2010,1484,NULL,NULL,NULL,NULL,2648,NULL,55,11.2,155,5.7,NULL,235/35R19 Y,235/35R19 Y,Space saver,VENT DISC,DISC,FALSE,focus-hatch-fo5f-24a.jpg,7,NULL,Focus Hatch,5,39155,0,FO042262,ST,NULL,191706
Ford,Ford FOCUS 5DR HATCH model range     NEW,FO043976,FOCUS HAT 1.0 EcoBoost mHEV 155 TTNM AU,24A,2024.01,Hatchback,Focus Hatch 1.0 EcoBoost mHEV 155 Titanium Auto,Focus,Focus 5 Door Hatch,FALSE,1.0 EcoBoost mHEV 155 Titanium Auto,TRUE,FALSE,FALSE,25050,20.83,30060,30085,08/04/2024,NULL,08/04/2024,5,999,12,Mild Hybrid Electric Petrol,Automatic,NULL,NULL,NULL,NULL,6,153,155.13,106.92,140.1,NULL,4360,2010,1484,NULL,1280,1200,640,2648,NULL,55,11.2,129,8.4,NULL,205/60R16 V,205/60R16 V,Space saver,VENT DISC,DRUM,FALSE,focus-hatch-fo5f-24a.jpg,7,NULL,Focus Hatch,5,30350,0,FO042263,TITANIUM,NULL,191734
Ford,Ford FOCUS 5DR HATCH model range     NEW,FO043977,FOCUS HAT 1.0 EcoBoost mHEV 155 TNM X AU,24A,2024.01,Hatchback,Focus Hatch 1.0 EcoBoost mHEV 155 Titanium X Auto,Focus,Focus 5 Door Hatch,FALSE,1.0 EcoBoost mHEV 155 Titanium X Auto,TRUE,FALSE,FALSE,26883.33,20.83,32260,32284.99,08/04/2024,NULL,08/04/2024,5,999,13,Mild Hybrid Electric Petrol,Automatic,NULL,NULL,NULL,NULL,6,153,155.13,106.92,140.1,NULL,4360,2010,1484,NULL,1280,1200,640,2648,NULL,55,11.2,129,8.4,NULL,215/50R17 V,215/50R17 V,Space saver,VENT DISC,DRUM,FALSE,focus-hatch-fo5f-24a.jpg,7,NULL,Focus Hatch,5,32549.99,0,FO042264,TITANIUM X,NULL,196173
Ford,Ford FOCUS 5DR HATCH model range     NEW,FO043978,FOCUS HAT 1.0 EcoBoost mHEV 155 ACV X AU,24A,2024.01,Hatchback,Focus Hatch 1.0 EcoBoost mHEV 155 Active X Auto,Focus,Focus 5 Door Hatch,FALSE,1.0 EcoBoost mHEV 155 Active X Auto,TRUE,FALSE,FALSE,27575,20.83,33090,33115,08/04/2024,NULL,08/04/2024,5,999,13,Mild Hybrid Electric Petrol,Automatic,NULL,NULL,NULL,NULL,6,153,155.13,106.92,140.1,NULL,4360,2010,1484,NULL,NULL,NULL,NULL,2648,NULL,55,11.2,129,8.4,NULL,235/40R18 Y,235/40R18 Y,Space saver,VENT DISC,DRUM,FALSE,focus-hatch-fo5f-24a.jpg,7,NULL,Focus Hatch,5,33380,0,FO042266,ACTIVE X,NULL,196177
Ford,Ford FOCUS 5DR HATCH model range     NEW,FO043979,FOCUS HAT 1.0 EcoBoost mHEV 155 ST-LN AU,24A,2024.01,Hatchback,Focus Hatch 1.0 EcoBoost mHEV 155 ST-Line Auto,Focus,Focus 5 Door Hatch,FALSE,1.0 EcoBoost mHEV 155 ST-Line Auto,TRUE,FALSE,FALSE,25741.67,20.83,30890,30915,08/04/2024,NULL,08/04/2024,5,999,12,Mild Hybrid Electric Petrol,Automatic,NULL,NULL,NULL,NULL,6,153,155.13,106.92,140.1,NULL,4360,2010,1484,NULL,1327,1200,660,2648,NULL,55,11.2,129,8.4,NULL,215/50R17 V,215/50R17 V,Space saver,VENT DISC,DISC,FALSE,focus-hatch-fo5f-24a.jpg,7,NULL,Focus Hatch,5,31180,0,FO042267,ST-LINE,NULL,191738
Ford,Ford FOCUS 5DR HATCH model range     NEW,FO043980,FOCUS HAT 1.0 EcoBoost mHEV 155 ST-LX AU,24A,2024.01,Hatchback,Focus Hatch 1.0 EcoBoost mHEV 155 St-Line X Auto,Focus,Focus 5 Door Hatch,FALSE,1.0 EcoBoost mHEV 155 St-Line X Auto,TRUE,FALSE,FALSE,27575,20.83,33090,33115,08/04/2024,NULL,08/04/2024,5,999,13,Mild Hybrid Electric Petrol,Automatic,NULL,NULL,NULL,NULL,6,153,155.13,106.92,140.1,NULL,4360,2010,1484,NULL,1327,1200,660,2648,NULL,55,11.2,129,8.4,NULL,205/60R16 V,205/60R16 V,Space saver,VENT DISC,DISC,FALSE,focus-hatch-fo5f-24a.jpg,7,NULL,Focus Hatch,5,33380,0,FO042268,ST-LINE X,NULL,196181
Ford,Ford FOCUS 5DR HATCH model range     NEW,FO043981,FOCUS HAT 1.0 EcoBoost mHEV 125 ST-LN,24A,2024.01,Hatchback,Focus Hatch 1.0 EcoBoost mHEV 125 ST-Line,Focus,Focus 5 Door Hatch,FALSE,1.0 EcoBoost mHEV 125 ST-Line,TRUE,FALSE,FALSE,24200,20.83,29040,29065,08/04/2024,NULL,08/04/2024,5,999,12,Mild Hybrid Electric Petrol,Manual,NULL,NULL,NULL,NULL,6,123,124.62,91.72,125.3,NULL,4360,2010,1484,NULL,1327,1200,660,2648,NULL,55,11.2,124,10.2,NULL,215/50R17 V,215/50R17 V,Space saver,VENT DISC,DISC,FALSE,focus-hatch-fo5f-24a.jpg,6,NULL,Focus Hatch,5,29330,0,FO042269,ST-LINE,NULL,199455
Ford,Ford FOCUS 5DR HATCH model range     NEW,FO043982,FOCUS HAT 1.0 EcoBoost mHEV 125 ST-LX,24A,2024.01,Hatchback,Focus Hatch 1.0 EcoBoost mHEV 125 St-Line X,Focus,Focus 5 Door Hatch,FALSE,1.0 EcoBoost mHEV 125 St-Line X,TRUE,FALSE,FALSE,26033.33,20.83,31240,31264.99,08/04/2024,NULL,08/04/2024,5,999,13,Mild Hybrid Electric Petrol,Manual,NULL,NULL,NULL,NULL,6,123,124.71,85.95,125.3,NULL,4360,2010,1484,NULL,NULL,NULL,NULL,2648,NULL,55,11.2,124,10.2,NULL,205/60R16 V,205/60R16 V,Space saver,VENT DISC,DISC,FALSE,focus-hatch-fo5f-24a.jpg,6,NULL,Focus Hatch,5,31529.99,0,FO042270,ST-LINE X,NULL,199456
Ford,Ford FOCUS 5DR HATCH model range     NEW,FO043983,FOCUS HAT 1.0 EcoBoost mHEV 125 ACV X,24A,2024.01,Hatchback,Focus Hatch 1.0 EcoBoost mHEV 125 Active X,Focus,Focus 5 Door Hatch,FALSE,1.0 EcoBoost mHEV 125 Active X,TRUE,FALSE,FALSE,26033.33,20.83,31240,31264.99,08/04/2024,NULL,08/04/2024,5,999,13,Mild Hybrid Electric Petrol,Manual,NULL,NULL,NULL,NULL,6,123,124.62,91.72,125.3,NULL,4360,2010,1484,NULL,NULL,NULL,NULL,2648,NULL,55,11.2,124,10.2,NULL,235/40R18 Y,235/40R18 Y,Space saver,VENT DISC,DRUM,FALSE,focus-hatch-fo5f-24a.jpg,6,NULL,Focus Hatch,5,31529.99,0,FO042272,ACTIVE X,NULL,199458
Ford,Ford FOCUS 5DR HATCH model range     NEW,FO043984,FOCUS HAT 1.0 EcoBoost mHEV 125 TTNM,24A,2024.01,Hatchback,Focus Hatch 1.0 EcoBoost mHEV 125 Titanium,Focus,Focus 5 Door Hatch,FALSE,1.0 EcoBoost mHEV 125 Titanium,TRUE,FALSE,FALSE,23508.33,20.83,28210,28234.99,08/04/2024,NULL,08/04/2024,5,999,12,Mild Hybrid Electric Petrol,Manual,NULL,NULL,NULL,NULL,6,123,124.62,91.72,125.3,NULL,4360,2010,1484,NULL,1280,1200,640,2648,NULL,55,11.2,124,10.2,NULL,205/60R16 V,205/60R16 V,Space saver,VENT DISC,DRUM,FALSE,focus-hatch-fo5f-24a.jpg,6,NULL,Focus Hatch,5,28499.99,0,FO042273,TITANIUM,NULL,199459
Ford,Ford FOCUS 5DR HATCH model range     NEW,FO043985,FOCUS HAT 1.0 EcoBoost mHEV 125 TNM X,24A,2024.01,Hatchback,Focus Hatch 1.0 EcoBoost mHEV 125 Titanium X,Focus,Focus 5 Door Hatch,FALSE,1.0 EcoBoost mHEV 125 Titanium X,TRUE,FALSE,FALSE,25341.67,20.83,30410,30435,08/04/2024,NULL,08/04/2024,5,999,13,Mild Hybrid Electric Petrol,Manual,NULL,NULL,NULL,NULL,6,123,124.62,91.72,125.3,NULL,4360,2010,1484,NULL,1280,1200,640,2648,NULL,55,11.2,124,10.2,NULL,215/50R17 V,215/50R17 V,Space saver,VENT DISC,DRUM,FALSE,focus-hatch-fo5f-24a.jpg,6,NULL,Focus Hatch,5,30700,0,FO042274,TITANIUM X,NULL,199460
Ford,Ford FOCUS 5DR HATCH model range     NEW,FO043986,FOCUS HAT 2.3 ECB 280 ST TRACK PACK,24A,2024.01,Hatchback,Focus Hatch 2.3 Ecb 280 ST Track Pack,Focus,Focus 5 Door Hatch,FALSE,2.3 Ecb 280 ST Track Pack,TRUE,FALSE,FALSE,32941.67,20.83,39530,39555,08/04/2024,NULL,08/04/2024,5,2298,13,Petrol,Manual,NULL,NULL,NULL,NULL,6,276,157.15,108.32,309.8,NULL,4358,2010,1484,NULL,NULL,NULL,NULL,2648,NULL,55,11.2,155,5.7,NULL,235/35R19 Y,235/35R19 Y,Space saver,VENT DISC,DISC,FALSE,focus-hatch-fo5f-24a.jpg,6,NULL,Focus Hatch,5,40705,0,FO042275,ST,NULL,199461
Ford,Ford FOCUS 5DR HATCH model range     NEW,FO043987,FOCUS HAT 2.3 ECB 280 ST EDITION,24A,2024.01,Hatchback,Focus Hatch 2.3 Ecb 280 ST Edition,Focus,Focus 5 Door Hatch,TRUE,2.3 Ecb 280 ST Edition,TRUE,FALSE,FALSE,34775,20.83,41730,41755,08/04/2024,NULL,08/04/2024,5,2298,13,Petrol,Manual,NULL,NULL,NULL,NULL,6,276,157.15,108.32,309.8,NULL,4358,2010,1484,NULL,NULL,NULL,NULL,2648,NULL,55,11.2,155,5.7,NULL,235/35R19 Y,235/35R19 Y,Space saver,VENT DISC,DISC,FALSE,focus-hatch-fo5f-24a.jpg,6,NULL,Focus Hatch,5,42905,0,NULL,ST EDITION,NULL,202687
Ford,Ford TRANSIT COURIER model range,FO042644,TRANSIT COURIER 1.0 100 EcoBoost LEADER,24A,2024.01,Van - Swb,Transit Courier 1.0 100 EcoBoost Leader,Transit Courier,Transit Courier,FALSE,1.0 100 EcoBoost Leader,TRUE,TRUE,TRUE,16200,1416.83,19440,21140.2,01/07/2023,NULL,07/08/2023,2,999,26,Petrol,Manual,NULL,NULL,NULL,0,6,99,100.38,69.18,147.5,NULL,4337,1791,1817,1910,NULL,1000,NULL,2692,NULL,NULL,NULL,NULL,NULL,NULL,195/65R15 C,195/65R15 C,Puncture repair kit,NULL,NULL,FALSE,transit-courier-focr-24a.jpg,6,NULL,Transit Courier,NULL,21530.2,0,NULL,LEADER,NULL,199498
Ford,Ford TRANSIT COURIER model range,FO042645,TRANSIT COURIER 1.0 125 EcoBoost LDR AU,24A,2024.01,Van - Swb,Transit Courier 1.0 125 EcoBoost Leader Auto,Transit Courier,Transit Courier,FALSE,1.0 125 EcoBoost Leader Auto,TRUE,TRUE,TRUE,17850,1416.83,21420,23120.2,01/07/2023,NULL,07/08/2023,2,999,27,Petrol,Automatic,NULL,NULL,NULL,0,6,123,124.71,85.95,147.5,NULL,4337,1791,1817,1940,NULL,1000,NULL,2692,NULL,NULL,NULL,NULL,NULL,NULL,195/65R15 C,195/65R15 C,Puncture repair kit,NULL,NULL,FALSE,transit-courier-focr-24a.jpg,7,NULL,Transit Courier,NULL,23510.2,0,NULL,LEADER,NULL,199499
Ford,Ford TRANSIT COURIER model range,FO042646,TRANSIT COURIER 1.5 100 EcoBlue LEADER,24A,2024.01,Van - Swb,Transit Courier 1.5 100 EcoBlue Leader,Transit Courier,Transit Courier,FALSE,1.5 100 EcoBlue Leader,TRUE,TRUE,TRUE,17450,1416.83,20940,22640.2,01/07/2023,NULL,07/08/2023,2,1498,28,Diesel,Manual,NULL,NULL,NULL,0,6,99,100.38,69.18,184.4,NULL,4337,1791,1817,1965,NULL,1100,NULL,2692,NULL,NULL,NULL,NULL,NULL,NULL,195/65R15 C,195/65R15 C,Puncture repair kit,NULL,NULL,FALSE,transit-courier-focr-24a.jpg,6,NULL,Transit Courier,NULL,23030.2,0,NULL,LEADER,NULL,199500
Ford,Ford TRANSIT COURIER model range,FO042647,TRANSIT COURIER 1.0 100 EcoBoost TREND,24A,2024.01,Van - Swb,Transit Courier 1.0 100 EcoBoost Trend,Transit Courier,Transit Courier,FALSE,1.0 100 EcoBoost Trend,TRUE,TRUE,TRUE,17600,1416.83,21120,22820.2,01/07/2023,NULL,01/07/2023,2,999,26,Petrol,Manual,NULL,NULL,NULL,NULL,6,99,100.38,69.18,147.5,NULL,4337,1791,1817,1910,NULL,1000,NULL,2692,NULL,NULL,NULL,NULL,NULL,NULL,195/65R15 C,195/65R15 C,Puncture repair kit,NULL,NULL,FALSE,transit-courier-focr-24a.jpg,6,NULL,Transit Courier,NULL,23210.2,0,NULL,TREND,NULL,199501
Ford,Ford TRANSIT COURIER model range,FO042648,TRANSIT COURIER 1.0 125 EcoBoost TREND,24A,2024.01,Van - Swb,Transit Courier 1.0 125 EcoBoost Trend,Transit Courier,Transit Courier,FALSE,1.0 125 EcoBoost Trend,TRUE,TRUE,TRUE,18250,1416.83,21900,23600.2,01/07/2023,NULL,07/08/2023,2,999,26,Petrol,Manual,NULL,NULL,NULL,NULL,6,123,124.71,85.95,147.5,NULL,4337,1791,1817,1910,NULL,1000,NULL,2692,NULL,NULL,NULL,NULL,NULL,NULL,195/65R15 C,195/65R15 C,Puncture repair kit,NULL,NULL,FALSE,transit-courier-focr-24a.jpg,6,NULL,Transit Courier,NULL,23990.2,0,NULL,TREND,NULL,199502
Ford,Ford TRANSIT COURIER model range,FO042649,TRANSIT COURIER 1.0 125 EcoBoost TND AU,24A,2024.01,Van - Swb,Transit Courier 1.0 125 EcoBoost Trend Auto,Transit Courier,Transit Courier,FALSE,1.0 125 EcoBoost Trend Auto,TRUE,TRUE,TRUE,19250,1416.83,23100,24800.2,01/07/2023,NULL,07/08/2023,2,999,27,Petrol,Automatic,NULL,NULL,NULL,NULL,6,123,124.71,85.95,147.5,NULL,4337,1791,1817,1940,NULL,1000,NULL,2692,NULL,NULL,NULL,NULL,NULL,NULL,195/65R15 C,195/65R15 C,Puncture repair kit,NULL,NULL,FALSE,transit-courier-focr-24a.jpg,7,NULL,Transit Courier,NULL,25190.2,0,NULL,TREND,NULL,199503
Ford,Ford TRANSIT COURIER model range,FO042650,TRANSIT COURIER 1.5 100 EcoBlue TREND,24A,2024.01,Van - Swb,Transit Courier 1.5 100 EcoBlue Trend,Transit Courier,Transit Courier,FALSE,1.5 100 EcoBlue Trend,TRUE,TRUE,TRUE,18850,1416.83,22620,24320.2,01/07/2023,NULL,07/08/2023,2,1498,28,Diesel,Manual,NULL,NULL,NULL,NULL,6,99,100.38,69.18,184.4,NULL,4337,1791,1817,1965,NULL,1100,NULL,2692,NULL,NULL,NULL,NULL,NULL,NULL,195/65R15 C,195/65R15 C,Puncture repair kit,NULL,NULL,FALSE,transit-courier-focr-24a.jpg,6,NULL,Transit Courier,NULL,24710.2,0,NULL,TREND,NULL,199504
Ford,Ford TRANSIT COURIER model range,FO042651,TRANSIT COURIER 1.0 125 EcoBoost LIMITED,24A,2024.01,Van - Swb,Transit Courier 1.0 125 EcoBoost Limited,Transit Courier,Transit Courier,FALSE,1.0 125 EcoBoost Limited,TRUE,TRUE,TRUE,19550,1416.83,23460,25160.2,01/07/2023,NULL,07/08/2023,2,999,26,Petrol,Manual,NULL,NULL,NULL,NULL,6,123,124.71,85.95,147.5,NULL,4337,1791,1817,1910,NULL,1000,NULL,2692,NULL,NULL,NULL,NULL,NULL,NULL,205/65R16 C,205/65R16 C,Puncture repair kit,NULL,NULL,FALSE,transit-courier-focr-24a.jpg,6,NULL,Transit Courier,NULL,25550.2,0,NULL,LIMITED,NULL,199505
Ford,Ford TRANSIT COURIER model range,FO042652,TRANSIT COURIER 1.0 125 EcoBoost LTD AU,24A,2024.01,Van - Swb,Transit Courier 1.0 125 EcoBoost Limited Auto,Transit Courier,Transit Courier,FALSE,1.0 125 EcoBoost Limited Auto,TRUE,TRUE,TRUE,20550,1416.83,24660,26360.2,01/07/2023,NULL,07/08/2023,2,999,27,Petrol,Automatic,NULL,NULL,NULL,NULL,6,123,124.71,85.95,147.5,NULL,4337,1791,1817,1940,NULL,1000,NULL,2692,NULL,NULL,NULL,NULL,NULL,NULL,205/65R16 C,205/65R16 C,Puncture repair kit,NULL,NULL,FALSE,transit-courier-focr-24a.jpg,7,NULL,Transit Courier,NULL,26750.2,0,NULL,LIMITED,NULL,199506
Ford,Ford TRANSIT COURIER model range,FO042653,TRANSIT COURIER 1.5 100 EcoBlue LIMITED,24A,2024.01,Van - Swb,Transit Courier 1.5 100 EcoBlue Limited,Transit Courier,Transit Courier,FALSE,1.5 100 EcoBlue Limited,TRUE,TRUE,TRUE,20150,1416.83,24180,25880.2,01/07/2023,NULL,07/08/2023,2,1498,28,Diesel,Manual,NULL,NULL,NULL,0,6,99,100.38,69.18,184.4,NULL,4337,1791,1817,1965,NULL,1100,NULL,2692,NULL,NULL,NULL,NULL,NULL,NULL,205/65R16 C,205/65R16 C,Puncture repair kit,NULL,NULL,FALSE,transit-courier-focr-24a.jpg,6,NULL,Transit Courier,NULL,26270.2,0,NULL,LIMITED,NULL,199507
Ford,Ford TRANSIT COURIER model range,FO042654,TRANSIT COURIER 1.0 125 EcoBoost ACTIVE,24A,2024.01,Van - Swb,Transit Courier 1.0 125 EcoBoost Active,Transit Courier,Transit Courier,FALSE,1.0 125 EcoBoost Active,TRUE,TRUE,TRUE,20150,1416.83,24180,25880.2,01/07/2023,NULL,07/08/2023,2,999,26,Petrol,Manual,NULL,NULL,NULL,NULL,6,123,124.71,85.95,147.5,NULL,4337,1791,1817,1910,NULL,1000,NULL,2692,NULL,NULL,NULL,NULL,NULL,NULL,215/55R17 V,215/55R17 V,Puncture repair kit,NULL,NULL,FALSE,transit-courier-focr-24a.jpg,6,NULL,Transit Courier,NULL,26270.2,0,NULL,ACTIVE,NULL,199508
Ford,Ford TRANSIT COURIER model range,FO042655,TRANSIT COURIER 1.0 125 EcoBoost ACV AU,24A,2024.01,Van - Swb,Transit Courier 1.0 125 EcoBoost Active Auto,Transit Courier,Transit Courier,FALSE,1.0 125 EcoBoost Active Auto,TRUE,TRUE,TRUE,21150,1416.83,25380,27080.2,01/07/2023,NULL,07/08/2023,2,999,27,Petrol,Automatic,NULL,NULL,NULL,NULL,6,123,124.71,85.95,147.5,NULL,4337,1791,1817,1940,NULL,1000,NULL,2692,NULL,NULL,NULL,NULL,NULL,NULL,215/55R17 V,215/55R17 V,Puncture repair kit,NULL,NULL,FALSE,transit-courier-focr-24a.jpg,7,NULL,Transit Courier,NULL,27470.2,0,NULL,ACTIVE,NULL,199509
Ford,Ford TRANSIT COURIER model range,FO042656,TRANSIT COURIER 1.5 100 EcoBlue ACTIVE,24A,2024.01,Van - Swb,Transit Courier 1.5 100 EcoBlue Active,Transit Courier,Transit Courier,FALSE,1.5 100 EcoBlue Active,TRUE,TRUE,TRUE,20750,1416.83,24900,26600.2,01/07/2023,NULL,07/08/2023,2,1498,28,Diesel,Manual,NULL,NULL,NULL,NULL,6,99,100.38,69.18,184.4,NULL,4337,1791,1817,1965,NULL,1100,NULL,2692,NULL,NULL,NULL,NULL,NULL,NULL,215/55R17 V,215/55R17 V,Puncture repair kit,NULL,NULL,FALSE,transit-courier-focr-24a.jpg,6,NULL,Transit Courier,NULL,26990.2,0,NULL,ACTIVE,NULL,199510
Ford,Ford FOCUS 5DR ESTATE model range    NEW,FO043991,FOCUS EST 2.3 EcoBoost 280 ST,24A,2024.01,Estate,Focus Estate 2.3 EcoBoost 280 ST,Focus,Focus 5 Door Estate,FALSE,2.3 EcoBoost 280 ST,TRUE,FALSE,FALSE,31608.33,20.83,37930,37954.99,08/04/2024,NULL,08/04/2024,5,2297,15,Petrol,Manual,NULL,NULL,NULL,NULL,6,276,279.83,192.87,309.8,NULL,4668,1979,1481,NULL,1383,1000,690,2700,NULL,52,20.3,155,5.8,NULL,235/35ZR 19,235/35ZR 20,Space saver,NULL,NULL,FALSE,focus-estate-foef-24a.jpg,6,NULL,Focus Estate,5,39104.99,0,FO042158,ST,NULL,191747
Ford,Ford FOCUS 5DR ESTATE model range    NEW,FO043992,FOCUS EST 2.3 EcoBoost 280 ST AU,24A,2024.01,Estate,Focus Estate 2.3 EcoBoost 280 ST Auto,Focus,Focus 5 Door Estate,FALSE,2.3 EcoBoost 280 ST Auto,TRUE,FALSE,FALSE,32733.33,20.83,39280,39304.99,08/04/2024,NULL,08/04/2024,5,2297,15,Petrol,Automatic,NULL,NULL,NULL,NULL,6,276,279.83,192.87,306.1,NULL,4668,1979,1481,NULL,1383,1000,690,2700,NULL,52,20.3,155,5.8,NULL,235/35ZR 19,235/35ZR 20,Space saver,NULL,NULL,FALSE,focus-estate-foef-24a.jpg,7,NULL,Focus Estate,5,40454.99,0,FO042159,ST,NULL,191748
Ford,Ford FOCUS 5DR ESTATE model range    NEW,FO043993,FOCUS EST 1.0 EcoBoost mHEV 155 ST-LN AU,24A,2024.01,Estate,Focus Estate 1.0 EcoBoost mHEV 155 ST-Line Auto,Focus,Focus 5 Door Estate,FALSE,1.0 EcoBoost mHEV 155 ST-Line Auto,TRUE,FALSE,FALSE,26708.33,20.83,32050,32074.99,08/04/2024,NULL,08/04/2024,5,999,14,Mild Hybrid Electric Petrol,Automatic,NULL,NULL,NULL,NULL,6,153,155.13,106.92,140.1,NULL,4668,1979,1481,NULL,1383,1000,690,2700,NULL,52,20.3,128,8.6,NULL,215/50R17 V,215/50R17 V,Space saver,NULL,NULL,FALSE,focus-estate-foef-24a.jpg,7,NULL,Focus Estate,5,32339.99,0,FO042160,ST-LINE,NULL,191780
Ford,Ford FOCUS 5DR ESTATE model range    NEW,FO043994,FOCUS EST 1.0 EcoBoost mHEV 155 ST-LX AU,24A,2024.01,Estate,Focus Estate 1.0 EcoBoost mHEV 155 St-Line X Auto,Focus,Focus 5 Door Estate,FALSE,1.0 EcoBoost mHEV 155 St-Line X Auto,TRUE,FALSE,FALSE,28541.67,20.83,34250,34275,08/04/2024,NULL,08/04/2024,5,999,14,Mild Hybrid Electric Petrol,Automatic,NULL,NULL,NULL,NULL,6,153,155.13,106.92,140.1,NULL,4668,1979,1481,NULL,1383,1000,690,2700,NULL,52,20.3,128,8.6,NULL,235/40R18 Y,235/40R18 Y,Space saver,NULL,NULL,FALSE,focus-estate-foef-24a.jpg,7,NULL,Focus Estate,5,34540,0,FO042161,ST-LINE X,NULL,196157
Ford,Ford FOCUS 5DR ESTATE model range    NEW,FO043995,FOCUS EST 1.0 EcoBoost mHEV 155 ACV X AU,24A,2024.01,Estate,Focus Estate 1.0 EcoBoost mHEV 155 Active X Auto,Focus,Focus 5 Door Estate,FALSE,1.0 EcoBoost mHEV 155 Active X Auto,TRUE,FALSE,FALSE,28541.67,20.83,34250,34275,08/04/2024,NULL,08/04/2024,5,999,16,Mild Hybrid Electric Petrol,Automatic,NULL,NULL,NULL,NULL,6,153,155.13,106.92,140.1,NULL,4668,1979,1481,NULL,1383,1000,690,2700,NULL,52,20.3,128,8.6,NULL,235/40R18 Y,235/40R18 Y,Space saver,NULL,NULL,FALSE,focus-estate-foef-24a.jpg,7,NULL,Focus Estate,5,34540,0,FO042163,ACTIVE X,NULL,196153
Ford,Ford FOCUS 5DR ESTATE model range    NEW,FO043996,FOCUS EST 1.0 EcoBoost mHEV 155 TTNM AU,24A,2024.01,Estate,Focus Estate 1.0 EcoBoost mHEV 155 Titanium Auto,Focus,Focus 5 Door Estate,FALSE,1.0 EcoBoost mHEV 155 Titanium Auto,TRUE,FALSE,FALSE,26016.67,20.83,31220,31245,08/04/2024,NULL,08/04/2024,5,999,18,Mild Hybrid Electric Petrol,Automatic,NULL,NULL,NULL,NULL,6,153,155.13,106.92,140.1,NULL,4668,1979,1481,NULL,1383,1000,690,2700,NULL,52,20.3,128,8.6,NULL,205/60R16 V,205/60R16 V,Space saver,NULL,NULL,FALSE,focus-estate-foef-24a.jpg,7,NULL,Focus Estate,5,31510,0,FO042164,TITANIUM,NULL,191784
Ford,Ford FOCUS 5DR ESTATE model range    NEW,FO043997,FOCUS EST 1.0 EcoBoost mHEV 155 TNM X AU,24A,2024.01,Estate,Focus Estate 1.0 EcoBoost mHEV 155 Titanium X Auto,Focus,Focus 5 Door Estate,FALSE,1.0 EcoBoost mHEV 155 Titanium X Auto,TRUE,FALSE,FALSE,27850,20.83,33420,33445,08/04/2024,NULL,08/04/2024,5,999,19,Mild Hybrid Electric Petrol,Automatic,NULL,NULL,NULL,NULL,6,153,155.13,106.92,140.1,NULL,4668,1979,1481,NULL,1383,1000,690,2700,NULL,52,20.3,128,8.6,NULL,215/50R17 V,215/50R17 V,Space saver,NULL,NULL,FALSE,focus-estate-foef-24a.jpg,7,NULL,Focus Estate,5,33710,0,FO042165,TITANIUM X,NULL,196149
Ford,Ford FOCUS 5DR ESTATE model range    NEW,FO043998,FOCUS EST 1.0 EcoBoost mHEV 125 TTNM,24A,2024.01,Estate,Focus Estate 1.0 EcoBoost mHEV 125 Titanium,Focus,Focus 5 Door Estate,FALSE,1.0 EcoBoost mHEV 125 Titanium,TRUE,FALSE,FALSE,24475,20.83,29370,29395,08/04/2024,NULL,08/04/2024,5,999,13,Mild Hybrid Electric Petrol,Manual,NULL,NULL,NULL,NULL,6,123,124.62,91.72,125.3,NULL,4668,1979,1481,NULL,1383,1000,690,2700,NULL,52,NULL,123,10.4,NULL,205/60R16 V,205/60R16 V,Space saver,NULL,NULL,FALSE,focus-estate-foef-24a.jpg,6,NULL,Focus Estate,5,29660,0,FO042166,TITANIUM,NULL,199425
Ford,Ford FOCUS 5DR ESTATE model range    NEW,FO043999,FOCUS EST 1.0 EcoBoost mHEV 125 TNM X,24A,2024.01,Estate,Focus Estate 1.0 EcoBoost mHEV 125 Titanium X,Focus,Focus 5 Door Estate,FALSE,1.0 EcoBoost mHEV 125 Titanium X,TRUE,FALSE,FALSE,26308.33,20.83,31570,31594.99,08/04/2024,NULL,08/04/2024,5,999,14,Mild Hybrid Electric Petrol,Manual,NULL,NULL,NULL,NULL,6,123,124.62,91.72,125.3,NULL,4668,1979,1481,NULL,1383,1000,690,2700,NULL,52,NULL,123,10.4,NULL,215/50R17 V,215/50R17 V,Space saver,NULL,NULL,FALSE,focus-estate-foef-24a.jpg,6,NULL,Focus Estate,5,31859.99,0,FO042167,TITANIUM X,NULL,199426
Ford,Ford FOCUS 5DR ESTATE model range    NEW,FO044000,FOCUS EST 1.0 EcoBoost mHEV 125 ACV X,24A,2024.01,Estate,Focus Estate 1.0 EcoBoost mHEV 125 Active X,Focus,Focus 5 Door Estate,FALSE,1.0 EcoBoost mHEV 125 Active X,TRUE,FALSE,FALSE,27000,20.83,32400,32425,08/04/2024,NULL,08/04/2024,5,999,15,Mild Hybrid Electric Petrol,Manual,NULL,NULL,NULL,NULL,6,123,124.62,91.72,125.3,NULL,4668,1979,1481,NULL,1383,1000,690,2700,NULL,52,NULL,123,10.4,NULL,235/40R18 Y,235/40R18 Y,Space saver,NULL,NULL,FALSE,focus-estate-foef-24a.jpg,6,NULL,Focus Estate,5,32690,0,FO042169,ACTIVE X,NULL,199429
Ford,Ford FOCUS 5DR ESTATE model range    NEW,FO044001,FOCUS EST 1.0 EcoBoost mHEV 125 ST-LN,24A,2024.01,Estate,Focus Estate 1.0 EcoBoost mHEV 125 ST-Line,Focus,Focus 5 Door Estate,FALSE,1.0 EcoBoost mHEV 125 ST-Line,TRUE,FALSE,FALSE,25166.67,20.83,30200,30225,08/04/2024,NULL,08/04/2024,5,999,14,Mild Hybrid Electric Petrol,Manual,NULL,NULL,NULL,NULL,6,123,124.62,91.72,125.3,NULL,4668,1979,1481,NULL,1383,1000,690,2700,NULL,52,NULL,123,10.4,NULL,215/50R17 V,215/50R17 V,Space saver,NULL,NULL,FALSE,focus-estate-foef-24a.jpg,6,NULL,Focus Estate,5,30490,0,FO042170,ST-LINE,NULL,199430
Ford,Ford FOCUS 5DR ESTATE model range    NEW,FO044002,FOCUS EST 1.0 EcoBoost mHEV 125 ST-LX,24A,2024.01,Estate,Focus Estate 1.0 EcoBoost mHEV 125 St-Line X,Focus,Focus 5 Door Estate,FALSE,1.0 EcoBoost mHEV 125 St-Line X,TRUE,FALSE,FALSE,27000,20.83,32400,32425,08/04/2024,NULL,08/04/2024,5,999,14,Mild Hybrid Electric Petrol,Manual,NULL,NULL,NULL,NULL,6,123,124.62,91.72,125.3,NULL,4668,1979,1481,NULL,1383,1000,690,2700,NULL,52,NULL,123,10.4,NULL,235/40R18 Y,235/40R18 Y,Space saver,NULL,NULL,FALSE,focus-estate-foef-24a.jpg,6,NULL,Focus Estate,5,32690,0,FO042171,ST-LINE X,NULL,199431
Ford,Ford TRANSIT CONNECT model range     NEW,FO039892,TRANSIT CNT 240 L1 1.5TDCi ECBL L/HP AU,23A,2023.01,Van - Swb,Transit Connect 240 L1 1.5TDCi Ecoblue Leader HP Auto,Transit Connect,Transit Connect,FALSE,240 L1 1.5TDCi Ecoblue Leader HP Auto,TRUE,TRUE,TRUE,24845,496.37,29814,30409.64,23/06/2022,NULL,04/04/2023,5,1498,31,Diesel,Automatic,54.3,56.5,55.4,NULL,6,99,100.3,73.82,177,2250,4425,2137,1830,2405,1558,1445,750,2662,148,80,91.8,NULL,NULL,NULL,205/60R16 H,205/60R16 H,NULL,DISC,DISC,FALSE,transit-connect-fofc-23a.jpg,8,NULL,Transit Connect,7,30799.64,0,FO038641,LEADER,NULL,191223
Ford,Ford TRANSIT CONNECT model range     NEW,FO039893,TRANSIT CNNCT 220 L2 1.0 EcBt 100 LEADER,23A,2023.01,Van - Lwb/Exlwb,Transit Connect 220 L2 1.0 EcoBoost 100 Leader,Transit Connect,Transit Connect,FALSE,220 L2 1.0 EcoBoost 100 Leader,TRUE,TRUE,TRUE,23170,496.37,27804,28399.64,23/06/2022,NULL,04/04/2023,5,999,28,Petrol,Manual,39.8,47.9,44.1,NULL,6,99,100.3,73.82,125.4,2700,4825,2137,1828,2165,1485,1143,750,3062,149,80,113,NULL,NULL,NULL,205/60R16 H,205/60R16 H,NULL,DISC,DISC,FALSE,transit-connect-fofc-23a.jpg,6,NULL,Transit Connect,7,28789.64,0,FO038642,LEADER,NULL,191224
Ford,Ford TRANSIT CONNECT model range     NEW,FO039894,TRANSIT CNNCT 230 L2 1.5TDCi ECBL 75 LDR,23A,2023.01,Van - Lwb/Exlwb,Transit Connect 230 L2 1.5TDCi Ecoblue 75 Leader,Transit Connect,Transit Connect,FALSE,230 L2 1.5TDCi Ecoblue 75 Leader,TRUE,TRUE,TRUE,23920,496.37,28704,29299.64,23/06/2022,NULL,04/04/2023,5,1498,30,Diesel,Manual,56.5,61.4,60.1,NULL,6,74,74.97,55.18,162.3,1875,4825,2137,1828,2260,1576,1033,750,3062,149,80,113,NULL,NULL,NULL,205/60R16 H,205/60R16 H,NULL,DISC,DISC,FALSE,transit-connect-fofc-23a.jpg,6,NULL,Transit Connect,7,29689.64,0,FO038643,LEADER,NULL,191225
Ford,Ford TRANSIT CONNECT model range     NEW,FO039895,TRANSIT CNNCT 230 L2 1.5TDCi EBL 100 LDR,23A,2023.01,Van - Lwb/Exlwb,Transit Connect 230 L2 1.5TDCi EcoBlue 100 Leader,Transit Connect,Transit Connect,FALSE,230 L2 1.5TDCi EcoBlue 100 Leader,TRUE,TRUE,TRUE,24495,496.37,29394,29989.64,23/06/2022,NULL,04/04/2023,5,1498,31,Diesel,Manual,56.5,62.8,60.1,NULL,6,99,100.3,73.82,177,2250,4825,2137,1828,2255,1565,1143,750,3062,149,80,113,NULL,NULL,NULL,205/60R16 H,205/60R16 H,NULL,DISC,DISC,FALSE,transit-connect-fofc-23a.jpg,6,NULL,Transit Connect,7,30379.64,0,FO038644,LEADER,NULL,191226
Ford,Ford TRANSIT CONNECT model range     NEW,FO039896,TRANSIT CNT 250 L2 1.5TDCi ECBL 100 L/HP,23A,2023.01,Van - Lwb/Exlwb,Transit Connect 250 L2 1.5TDCi Ecoblue 100 Leader HP,Transit Connect,Transit Connect,FALSE,250 L2 1.5TDCi Ecoblue 100 Leader HP,TRUE,TRUE,TRUE,24795,496.37,29754,30349.64,23/06/2022,NULL,04/04/2023,5,1498,32,Diesel,Manual,56.5,62.8,60.1,NULL,6,99,100.3,73.82,177,2250,4825,2137,1828,2501,1571,1136,750,3062,149,80,113,NULL,NULL,NULL,205/60R16 H,205/60R16 H,NULL,DISC,DISC,FALSE,transit-connect-fofc-23a.jpg,6,NULL,Transit Connect,7,30739.64,0,FO038646,LEADER,NULL,191228
Ford,Ford TRANSIT CONNECT model range     NEW,FO039897,TRANSIT CNNCT 210 L1 1.0 EcBt 100 TREND,23A,2023.01,Van - Swb,Transit Connect 210 L1 1.0 EcoBoost 100 Trend,Transit Connect,Transit Connect,FALSE,210 L1 1.0 EcoBoost 100 Trend,TRUE,TRUE,TRUE,23085,496.37,27702,28297.64,23/06/2022,NULL,04/04/2023,5,999,28,Petrol,Manual,39.8,47.9,48.7,NULL,6,99,100.3,73.82,125.4,2700,4425,2137,1830,2090,1445,1210,740,2662,148,80,91.8,NULL,NULL,NULL,195/60R15 H,195/60R15 H,NULL,DISC,DISC,FALSE,transit-connect-fofc-23a.jpg,6,NULL,Transit Connect,7,28687.64,0,FO038649,TREND,NULL,191231
Ford,Ford TRANSIT CONNECT model range     NEW,FO039898,TRANSIT CNNCT 220 L1 1.5TDCi EBL 75 TND,23A,2023.01,Van - Swb,Transit Connect 220 L1 1.5TDCi EcoBlue 75 Trend,Transit Connect,Transit Connect,FALSE,220 L1 1.5TDCi EcoBlue 75 Trend,TRUE,TRUE,TRUE,23835,496.37,28602,29197.64,23/06/2022,NULL,04/04/2023,5,1498,30,Diesel,Manual,56.5,61.4,60.1,NULL,6,74,74.97,55.18,162.3,1875,4425,2137,1830,2175,1521,1114,750,2662,148,80,91.8,NULL,NULL,NULL,195/60R15 H,195/60R15 H,NULL,DISC,DISC,FALSE,transit-connect-fofc-23a.jpg,6,NULL,Transit Connect,7,29587.64,0,FO038650,TREND,NULL,191232
Ford,Ford TRANSIT CONNECT model range     NEW,FO039899,TRANSIT CNNCT 220 L1 1.5TDCi EBL 100 TND,23A,2023.01,Van - Swb,Transit Connect 220 L1 1.5TDCi EcoBlue 100 Trend,Transit Connect,Transit Connect,FALSE,220 L1 1.5TDCi EcoBlue 100 Trend,TRUE,TRUE,TRUE,24410,496.37,29292,29887.64,23/06/2022,NULL,04/04/2023,5,1498,30,Diesel,Manual,56.5,62.8,62.8,NULL,6,99,100.3,73.82,177,2250,4425,2137,1830,2170,1521,1214,750,2662,148,80,91.8,NULL,NULL,NULL,195/60R15 H,195/60R15 H,NULL,DISC,DISC,FALSE,transit-connect-fofc-23a.jpg,6,NULL,Transit Connect,7,30277.64,0,FO038651,TREND,NULL,166908
Ford,Ford TRANSIT CONNECT model range     NEW,FO039900,TRANSIT CNT 240 L1 1.5TDCi EBL 100 T/HP,23A,2023.01,Van - Swb,Transit Connect 240 L1 1.5TDCi EcoBlue 100 Trend HP,Transit Connect,Transit Connect,FALSE,240 L1 1.5TDCi EcoBlue 100 Trend HP,TRUE,TRUE,TRUE,24710,496.37,29652,30247.64,23/06/2022,NULL,04/04/2023,5,1498,31,Diesel,Manual,56.5,62.8,62.8,NULL,6,99,100.3,73.82,177,2250,4425,2137,1830,2380,1527,1208,750,2662,148,80,91.8,NULL,NULL,NULL,195/60R15 H,195/60R15 H,NULL,DISC,DISC,FALSE,transit-connect-fofc-23a.jpg,6,NULL,Transit Connect,7,30637.64,0,FO038653,TREND,NULL,191235
Ford,Ford TRANSIT CONNECT model range     NEW,FO039901,TRANSIT CNNCT 220 L2 1.0 EcBt 100 TREND,23A,2023.01,Van - Lwb/Exlwb,Transit Connect 220 L2 1.0 EcoBoost 100 Trend,Transit Connect,Transit Connect,FALSE,220 L2 1.0 EcoBoost 100 Trend,TRUE,TRUE,TRUE,24235,496.37,29082,29677.64,23/06/2022,NULL,04/04/2023,5,999,29,Petrol,Manual,39.8,47.9,44.1,NULL,6,99,100.3,73.82,125.4,2700,4825,2137,1828,2195,1512,1143,750,3062,149,80,113,NULL,NULL,NULL,195/60R15 H,195/60R15 H,NULL,DISC,DISC,FALSE,transit-connect-fofc-23a.jpg,6,NULL,Transit Connect,7,30067.64,0,FO038656,TREND,NULL,191238
Ford,Ford TRANSIT CONNECT model range     NEW,FO039902,TRANSIT CNNCT 230 L2 1.5TDCi EBL 100 TND,23A,2023.01,Van - Lwb/Exlwb,Transit Connect 230 L2 1.5TDCi EcoBlue 100 Trend,Transit Connect,Transit Connect,FALSE,230 L2 1.5TDCi EcoBlue 100 Trend,TRUE,TRUE,TRUE,25560,496.37,30672,31267.64,23/06/2022,NULL,04/04/2023,5,1498,31,Diesel,Manual,56.5,62.8,60.1,NULL,6,99,100.3,73.82,177,2250,4825,2137,1828,2285,1590,1143,750,3062,149,80,113,NULL,NULL,NULL,195/60R15 H,195/60R15 H,NULL,DISC,DISC,FALSE,transit-connect-fofc-23a.jpg,6,NULL,Transit Connect,7,31657.64,0,FO038657,TREND,NULL,191239
Ford,Ford TRANSIT CONNECT model range     NEW,FO039903,TRANSIT CNT 250 L2 1.5TDCi EBL 100 T/HP,23A,2023.01,Van - Lwb/Exlwb,Transit Connect 250 L2 1.5TDCi EcoBlue 100 Trend HP,Transit Connect,Transit Connect,FALSE,250 L2 1.5TDCi EcoBlue 100 Trend HP,TRUE,TRUE,TRUE,25960,496.37,31152,31747.64,23/06/2022,NULL,04/04/2023,5,1498,32,Diesel,Manual,56.5,62.8,60.1,NULL,6,99,100.3,73.82,177,2250,4825,2137,1828,2501,1599,1136,750,3062,149,80,113,NULL,NULL,NULL,195/60R15 H,195/60R15 H,NULL,DISC,DISC,FALSE,transit-connect-fofc-23a.jpg,6,NULL,Transit Connect,7,32137.64,0,FO038658,TREND,NULL,191240
Ford,Ford TRANSIT CONNECT model range     NEW,FO039904,TRANSIT CNNCT 240L1 DCIV 1.5TDCi EBL LDR,23A,2023.01,Van - Swb,Transit Connect 240L1 Double Cab In Van 1.5TDCi EcoBlue Leader,Transit Connect,Transit Connect,FALSE,240L1 Double Cab In 1.5TDCi EcoBlue Leader,TRUE,TRUE,TRUE,24745,496.37,29694,30289.64,23/06/2022,NULL,04/04/2023,5,1498,31,Diesel,Manual,56.5,62.8,60.1,NULL,6,99,100.3,73.82,177,2250,4425,2137,1819,2370,1600,1214,750,2662,144,80,42.4,NULL,NULL,NULL,205/60R16 H,205/60R16 H,NULL,NULL,NULL,FALSE,transit-connect-fofc-23a.jpg,6,NULL,Transit Connect,5,30679.64,0,FO038616,LEADER,NULL,191250
Ford,Ford TRANSIT CONNECT model range     NEW,FO039905,TRANSIT CNNCT 240L1 DCIV 1.5TDCi EB/L AU,23A,2023.01,Van - Swb,Transit Connect 240L1 Double Cab In Van 1.5TDCi EcoBlue Leader Auto,Transit Connect,Transit Connect,FALSE,240L1 Double Cab In 1.5TDCi EcoBlue Leader Auto,TRUE,TRUE,TRUE,25945,496.37,31134,31729.64,23/06/2022,NULL,04/04/2023,5,1498,31,Diesel,Automatic,54.3,56.5,55.4,NULL,6,99,100.3,73.82,177,2250,4425,2137,1819,2375,1643,1487,750,2662,144,80,42.4,NULL,NULL,NULL,205/60R16 H,205/60R16 H,NULL,NULL,NULL,FALSE,transit-connect-fofc-23a.jpg,8,NULL,Transit Connect,5,32119.64,0,FO038617,LEADER,NULL,191251
Ford,Ford TRANSIT CONNECT model range     NEW,FO039906,TRANSIT CNNCT 240L2 DCIV 1.5TDCi EBl LDR,23A,2023.01,Van - Lwb/Exlwb,Transit Connect 240L2 Double Cab In Van 1.5TDCi EcoBlue Leader,Transit Connect,Transit Connect,FALSE,240L2 Double Cab In 1.5TDCi EcoBlue Leader,TRUE,TRUE,TRUE,25795,496.37,30954,31549.64,23/06/2022,NULL,04/04/2023,5,1498,31,Diesel,Manual,50.4,58.9,55.4,NULL,6,99,100.3,73.82,177,2250,4825,2137,1820,2400,1662,1143,750,3062,144,80,56.5,NULL,NULL,NULL,205/60R16 H,205/60R16 H,NULL,NULL,NULL,FALSE,transit-connect-fofc-23a.jpg,6,NULL,Transit Connect,5,31939.64,0,FO038624,LEADER,NULL,191258
Ford,Ford TRANSIT CONNECT model range     NEW,FO039907,TRANSIT CNNCT 240L2 DCIV 1.5TDCi EB/L AU,23A,2023.01,Van - Lwb/Exlwb,Transit Connect 240L2 Double Cab In Van 1.5TDCi EcoBlue Leader Auto,Transit Connect,Transit Connect,FALSE,240L2 Double Cab In 1.5TDCi EcoBlue Leader Auto,TRUE,TRUE,TRUE,26995,496.37,32394,32989.64,23/06/2022,NULL,04/04/2023,5,1498,31,Diesel,Automatic,46.3,53.3,50.4,NULL,6,99,100.3,73.82,177,2250,4825,2137,1820,2430,1704,730,750,3062,144,80,56.5,NULL,NULL,NULL,205/60R16 H,205/60R16 H,NULL,NULL,NULL,FALSE,transit-connect-fofc-23a.jpg,8,NULL,Transit Connect,5,33379.64,0,FO038625,LEADER,NULL,191259
Ford,Ford TRANSIT CONNECT model range     NEW,FO039908,TRANSIT CNNCT 230L1 DCIV 1.0 EcBt TREND,23A,2023.01,Van - Swb,Transit Connect 230L1 Double Cab In Van 1.0 EcoBoost Trend,Transit Connect,Transit Connect,FALSE,230L1 Double Cab In 1.0 EcoBoost Trend,TRUE,TRUE,TRUE,24485,496.37,29382,29977.64,23/06/2022,NULL,04/04/2023,5,999,29,Petrol,Manual,39.8,47.9,44.1,NULL,6,99,100.3,73.82,125.4,2700,4425,2137,1819,2305,1523,1184,750,2662,144,80,42.4,NULL,NULL,NULL,195/60R15 H,195/60R15 H,NULL,NULL,NULL,FALSE,transit-connect-fofc-23a.jpg,6,NULL,Transit Connect,5,30367.64,0,FO038626,TREND,NULL,191260
Ford,Ford TRANSIT CONNECT model range     NEW,FO039909,TRANSIT CNNCT 240L1 DCIV 1.5TDCi EBL TND,23A,2023.01,Van - Swb,Transit Connect 240L1 Double Cab In Van 1.5TDCi EcoBlue Trend,Transit Connect,Transit Connect,FALSE,240L1 Double Cab In 1.5TDCi EcoBlue Trend,TRUE,TRUE,TRUE,25810,496.37,30972,31567.64,23/06/2022,NULL,04/04/2023,5,1498,31,Diesel,Manual,56.5,62.8,60.1,NULL,6,99,100.3,73.82,177,2250,4425,2137,1819,2375,1604,1193,750,2662,144,80,42.4,NULL,NULL,NULL,195/60R15 H,195/60R15 H,NULL,NULL,NULL,FALSE,transit-connect-fofc-23a.jpg,6,NULL,Transit Connect,5,31957.64,0,FO038627,TREND,NULL,191261
Ford,Ford TRANSIT CONNECT model range     NEW,FO039910,TRANSIT CNNCT 240L2 DCIV 1.5TDCi 100 E/T,23A,2023.01,Van - Lwb/Exlwb,Transit Connect 240L2 Double Cab In Van 1.5TDCi 100 EcoBlue Trend,Transit Connect,Transit Connect,FALSE,240L2 Double Cab In 1.5TDCi 100 EcoBlue Trend,TRUE,TRUE,TRUE,26860,496.37,32232,32827.64,23/06/2022,NULL,04/04/2023,5,1498,31,Diesel,Manual,50.4,58.9,55.4,NULL,6,99,100.3,73.82,177,2250,4825,2137,1820,2405,1666,1136,750,3062,144,80,56.5,NULL,NULL,NULL,195/60R15 H,195/60R15 H,NULL,NULL,NULL,FALSE,transit-connect-fofc-23a.jpg,6,NULL,Transit Connect,5,33217.64,0,FO038629,TREND,NULL,191263
Ford,Ford TRANSIT CONNECT model range     NEW,FO039911,TRANSIT CNNCT 210 L1 1.0 EcBt 100 LEADER,23A,2023.01,Van - Swb,Transit Connect 210 L1 1.0 EcoBoost 100 Leader,Transit Connect,Transit Connect,FALSE,210 L1 1.0 EcoBoost 100 Leader,TRUE,TRUE,TRUE,22020,496.37,26424,27019.64,23/06/2022,NULL,04/04/2023,5,999,28,Petrol,Manual,39.8,47.9,44.1,NULL,6,99,100.3,73.82,125.4,2700,4425,2137,1830,2090,1428,1205,735,2662,148,80,91.8,NULL,NULL,NULL,205/60R16 H,205/60R16 H,NULL,DISC,DISC,FALSE,transit-connect-fofc-23a.jpg,6,NULL,Transit Connect,7,27409.64,0,FO038632,LEADER,NULL,191266
Ford,Ford TRANSIT CONNECT model range     NEW,FO039912,TRANSIT CNNCT 220 L1 1.5TDCi ECBL 75 LDR,23A,2023.01,Van - Swb,Transit Connect 220 L1 1.5TDCi Ecoblue 75 Leader,Transit Connect,Transit Connect,FALSE,220 L1 1.5TDCi Ecoblue 75 Leader,TRUE,TRUE,TRUE,22770,496.37,27324,27919.64,23/06/2022,NULL,04/04/2023,5,1498,30,Diesel,Manual,56.5,61.4,60.1,NULL,6,74,74.97,55.18,162.3,1875,4425,2137,1830,2155,1504,1110,750,2662,148,80,91.8,NULL,NULL,NULL,205/60R16 H,205/60R16 H,NULL,DISC,DISC,FALSE,transit-connect-fofc-23a.jpg,6,NULL,Transit Connect,7,28309.64,0,FO038633,LEADER,NULL,173090
Ford,Ford TRANSIT CONNECT model range     NEW,FO039913,TRANSIT CNNCT 220 L1 1.5TDCi EBL 100 LDR,23A,2023.01,Van - Swb,Transit Connect 220 L1 1.5TDCi EcoBlue 100 Leader,Transit Connect,Transit Connect,FALSE,220 L1 1.5TDCi EcoBlue 100 Leader,TRUE,TRUE,TRUE,23345,496.37,28014,28609.64,23/06/2022,NULL,04/04/2023,5,1498,30,Diesel,Manual,56.5,62.8,60.1,NULL,6,99,100.3,73.82,177,2250,4425,2137,1830,2160,1504,1210,750,2662,148,80,91.8,NULL,NULL,NULL,205/60R16 H,205/60R16 H,NULL,DISC,DISC,FALSE,transit-connect-fofc-23a.jpg,6,NULL,Transit Connect,7,28999.64,0,FO038634,LEADER,NULL,173091
Ford,Ford TRANSIT CONNECT model range     NEW,FO039914,TRANSIT CNNCT 240 L1 1.5TDCi EBL 75 L/HP,23A,2023.01,Van - Swb,Transit Connect 240 L1 1.5TDCi EcoBlue 75 Leader HP,Transit Connect,Transit Connect,FALSE,240 L1 1.5TDCi EcoBlue 75 Leader HP,TRUE,TRUE,TRUE,23070,496.37,27684,28279.64,23/06/2022,NULL,04/04/2023,5,1498,31,Diesel,Manual,56.5,61.4,60.1,NULL,6,74,74.97,55.18,162.3,1875,4425,2137,1830,2370,1510,1103,750,2662,148,80,91.8,NULL,NULL,NULL,205/60R16 H,205/60R16 H,NULL,DISC,DISC,FALSE,transit-connect-fofc-23a.jpg,6,NULL,Transit Connect,7,28669.64,0,FO038635,LEADER,NULL,191269
Ford,Ford TRANSIT CONNECT model range     NEW,FO039915,TRANSIT CNT 240 L1 1.5TDCi EBL 100 L/HP,23A,2023.01,Van - Swb,Transit Connect 240 L1 1.5TDCi EcoBlue 100 Leader HP,Transit Connect,Transit Connect,FALSE,240 L1 1.5TDCi EcoBlue 100 Leader HP,TRUE,TRUE,TRUE,23645,496.37,28374,28969.64,23/06/2022,NULL,04/04/2023,5,1498,31,Diesel,Manual,56.5,62.8,60.1,NULL,6,99,100.3,73.82,177,2250,4425,2137,1830,2375,1510,1203,750,2662,148,80,91.8,NULL,NULL,NULL,205/60R16 H,205/60R16 H,NULL,DISC,DISC,FALSE,transit-connect-fofc-23a.jpg,6,NULL,Transit Connect,7,29359.64,0,FO038636,LEADER,NULL,191270
Ford,Ford TRANSIT CONNECT model range     NEW,FO039916,TRANSIT CNT 250 L2 1.5TDCi EBL L/HP AU,23A,2023.01,Van - Lwb/Exlwb,Transit Connect 250 L2 1.5TDCi EcoBlue Leader HP Auto,Transit Connect,Transit Connect,FALSE,250 L2 1.5TDCi EcoBlue Leader HP Auto,TRUE,TRUE,TRUE,25995,496.37,31194,31789.64,23/06/2022,NULL,04/04/2023,5,1498,33,Diesel,Automatic,54.3,56.5,55.4,NULL,6,99,100.38,69.18,177,2250,4825,2137,1828,2501,1583,1396,750,3062,149,80,113,NULL,NULL,NULL,205/60R16 H,205/60R16 H,NULL,DISC,DISC,FALSE,transit-connect-fofc-23a.jpg,8,NULL,Transit Connect,7,32179.64,0,FO038810,LEADER,NULL,194723
Ford,Ford TRANSIT CONNECT model range     NEW,FO039917,TRANSIT CNT 240 L1 1.5TDCi EBL T/HP AU,23A,2023.01,Van - Swb,Transit Connect 240 L1 1.5TDCi EcoBlue Trend HP Auto,Transit Connect,Transit Connect,FALSE,240 L1 1.5TDCi EcoBlue Trend HP Auto,TRUE,TRUE,TRUE,25910,496.37,31092,31687.64,23/06/2022,NULL,04/04/2023,5,1498,32,Diesel,Automatic,54.3,56.5,57.6,NULL,6,99,100.38,69.18,177,2250,4425,2137,1830,2495,1546,1459,750,2662,148,80,91.8,NULL,NULL,NULL,195/60R15 H,195/60R15 H,NULL,DISC,DISC,FALSE,transit-connect-fofc-23a.jpg,8,NULL,Transit Connect,7,32077.64,0,FO038811,TREND,NULL,194724
Ford,Ford TRANSIT CONNECT model range     NEW,FO039918,TRANSIT CNT 250 L2 1.5TDCi EBL T/HP AU,23A,2023.01,Van - Lwb/Exlwb,Transit Connect 250 L2 1.5TDCi EcoBlue Trend HP Auto,Transit Connect,Transit Connect,FALSE,250 L2 1.5TDCi EcoBlue Trend HP Auto,TRUE,TRUE,TRUE,27160,496.37,32592,33187.64,23/06/2022,NULL,04/04/2023,5,1498,32,Diesel,Automatic,54.3,56.5,55.4,NULL,6,99,100.38,69.18,177,2250,4825,2137,1828,2501,1611,1395,750,3062,149,80,113,NULL,NULL,NULL,195/60R15 H,195/60R15 H,NULL,DISC,DISC,FALSE,transit-connect-fofc-23a.jpg,8,NULL,Transit Connect,7,33577.64,0,FO038812,TREND,NULL,194725
Ford,Ford TRANSIT CONNECT model range     NEW,FO039919,TRANSIT CNNCT 240 L1 1.5TDCi EBL 100 LTD,23A,2023.01,Van - Swb,Transit Connect 240 L1 1.5TDCi EcoBlue 100 Limited,Transit Connect,Transit Connect,FALSE,240 L1 1.5TDCi EcoBlue 100 Limited,TRUE,TRUE,TRUE,26185,496.37,31422,32017.64,23/06/2022,NULL,04/04/2023,5,1498,32,Diesel,Manual,53.3,61.4,56.5,NULL,6,99,100.38,69.18,177,2250,4425,2137,1830,2405,1527,1408,750,2662,148,80,91.8,NULL,NULL,NULL,205/60R16 H,205/60R16 H,NULL,DISC,DISC,FALSE,transit-connect-fofc-23a.jpg,6,NULL,Transit Connect,7,32407.64,0,FO038813,LIMITED,NULL,194726
Ford,Ford TRANSIT CONNECT model range     NEW,FO039920,TRANSIT CNNCT 240 L1 1.5TDCi EBL LTD AU,23A,2023.01,Van - Swb,Transit Connect 240 L1 1.5TDCi EcoBlue Limited Auto,Transit Connect,Transit Connect,FALSE,240 L1 1.5TDCi EcoBlue Limited Auto,TRUE,TRUE,TRUE,27385,496.37,32862,33457.64,23/06/2022,NULL,04/04/2023,5,1498,31,Diesel,Automatic,54.3,56.5,55.4,NULL,6,99,100.38,69.18,177,2250,4425,2137,1830,2385,1551,1464,750,2662,148,80,91.8,NULL,NULL,NULL,205/60R16 H,205/60R16 H,NULL,DISC,DISC,FALSE,transit-connect-fofc-23a.jpg,8,NULL,Transit Connect,7,33847.64,0,FO038814,LIMITED,NULL,194727
Ford,Ford TRANSIT CONNECT model range     NEW,FO039921,TRANSIT CNNCT 250 L2 1.5TDCi EBL 100 LTD,23A,2023.01,Van - Lwb/Exlwb,Transit Connect 250 L2 1.5TDCi EcoBlue 100 Limited,Transit Connect,Transit Connect,FALSE,250 L2 1.5TDCi EcoBlue 100 Limited,TRUE,TRUE,TRUE,27585,496.37,33102,33697.64,23/06/2022,NULL,04/04/2023,5,1498,32,Diesel,Manual,53.3,61.4,56.5,NULL,6,99,100.38,69.18,177,1875,4825,2137,1828,2501,1600,1335,750,3062,149,80,113,NULL,NULL,NULL,205/60R16 H,205/60R16 H,NULL,DISC,DISC,FALSE,transit-connect-fofc-23a.jpg,6,NULL,Transit Connect,7,34087.64,0,FO038815,LIMITED,NULL,194728
Ford,Ford TRANSIT CONNECT model range     NEW,FO039922,TRANSIT CNNCT 250 L2 1.5TDCi EBL LTD AU,23A,2023.01,Van - Lwb/Exlwb,Transit Connect 250 L2 1.5TDCi EcoBlue Limited Auto,Transit Connect,Transit Connect,FALSE,250 L2 1.5TDCi EcoBlue Limited Auto,TRUE,TRUE,TRUE,28785,496.37,34542,35137.64,23/06/2022,NULL,04/04/2023,5,1498,33,Diesel,Automatic,54.3,56.5,55.4,NULL,6,99,100.38,69.18,177,2250,4825,2137,1828,2501,1609,1404,750,3062,149,80,113,NULL,NULL,NULL,205/60R16 H,205/60R16 H,NULL,DISC,DISC,FALSE,transit-connect-fofc-23a.jpg,8,NULL,Transit Connect,7,35527.64,0,FO038816,LIMITED,NULL,194729
Ford,Ford TRANSIT CONNECT model range     NEW,FO039923,TRANSIT CNNCT 250 L1 1.5TDCi EBL 100 SPT,23A,2023.01,Van - Swb,Transit Connect 250 L1 1.5TDCi EcoBlue 100 Sport,Transit Connect,Transit Connect,FALSE,250 L1 1.5TDCi EcoBlue 100 Sport,TRUE,TRUE,TRUE,27850,496.37,33420,34015.64,23/06/2022,NULL,04/04/2023,5,1498,33,Diesel,Manual,53.3,61.4,56.5,NULL,6,99,100.38,69.18,177,2250,4425,2137,1830,2501,1527,1408,750,2662,148,80,91.8,NULL,NULL,NULL,205/60R16 H,205/60R16 H,NULL,DISC,DISC,FALSE,transit-connect-fofc-23a.jpg,6,NULL,Transit Connect,7,34405.64,0,FO038817,SPORT,NULL,194730
Ford,Ford TRANSIT CONNECT model range     NEW,FO039924,TRANSIT CNNCT 250 L2 1.5TDCi EBL 100 SPT,23A,2023.01,Van - Lwb/Exlwb,Transit Connect 250 L2 1.5TDCi EcoBlue 100 Sport,Transit Connect,Transit Connect,FALSE,250 L2 1.5TDCi EcoBlue 100 Sport,TRUE,TRUE,TRUE,29300,496.37,35160,35755.64,23/06/2022,NULL,04/04/2023,5,1498,33,Diesel,Manual,53.3,61.4,56.5,NULL,6,99,100.38,69.18,177,2250,4825,2137,1828,2501,1600,1335,750,3062,149,80,113,NULL,NULL,NULL,205/60R16 H,205/60R16 H,NULL,DISC,DISC,FALSE,transit-connect-fofc-23a.jpg,6,NULL,Transit Connect,7,36145.64,0,FO038818,SPORT,NULL,194731
Ford,Ford TRANSIT CONNECT model range     NEW,FO039925,TRANSIT CNNCT 250 L1 1.5TDCi EBL SPT AU,23A,2023.01,Van - Swb,Transit Connect 250 L1 1.5TDCi EcoBlue Sport Auto,Transit Connect,Transit Connect,FALSE,250 L1 1.5TDCi EcoBlue Sport Auto,TRUE,TRUE,TRUE,29050,496.37,34860,35455.64,23/06/2022,NULL,04/04/2023,5,1498,33,Diesel,Automatic,53.3,61.4,56.5,NULL,6,99,100.38,69.18,177,2250,4425,2137,1830,2501,1527,1408,750,2662,148,80,91.8,NULL,NULL,NULL,205/60R16 H,205/60R16 H,NULL,DISC,DISC,FALSE,transit-connect-fofc-23a.jpg,8,NULL,Transit Connect,7,35845.64,0,FO038819,SPORT,NULL,194732
Ford,Ford TRANSIT CONNECT model range     NEW,FO039926,TRANSIT CNNCT 250 L2 1.5TDCi EBL SPT AU,23A,2023.01,Van - Lwb/Exlwb,Transit Connect 250 L2 1.5TDCi EcoBlue Sport Auto,Transit Connect,Transit Connect,FALSE,250 L2 1.5TDCi EcoBlue Sport Auto,TRUE,TRUE,TRUE,30500,496.37,36600,37195.64,23/06/2022,NULL,04/04/2023,5,1498,33,Diesel,Automatic,53.3,61.4,56.5,NULL,6,99,100.38,69.18,177,2250,4825,2137,1828,2501,1600,1335,750,3062,149,80,113,NULL,NULL,NULL,205/60R16 H,205/60R16 H,NULL,DISC,DISC,FALSE,transit-connect-fofc-23a.jpg,8,NULL,Transit Connect,7,37585.64,0,FO038820,SPORT,NULL,194733
Ford,Ford TRANSIT CONNECT model range     NEW,FO039927,TRANSIT CNNCT 250 L1 1.5TDCi EBL 100 ACV,23A,2023.01,Van - Swb,Transit Connect 250 L1 1.5TDCi EcoBlue 100 Active,Transit Connect,Transit Connect,FALSE,250 L1 1.5TDCi EcoBlue 100 Active,TRUE,TRUE,TRUE,27935,496.37,33522,34117.64,23/06/2022,NULL,04/04/2023,5,1498,33,Diesel,Manual,53.3,61.4,56.5,NULL,6,99,100.38,69.18,177,2250,4425,2137,1830,2501,1527,1408,750,2662,148,80,91.8,NULL,NULL,NULL,215/55R17 V,215/55R17 V,NULL,DISC,DISC,FALSE,transit-connect-fofc-23a.jpg,6,NULL,Transit Connect,7,34507.64,0,FO038821,ACTIVE,NULL,194734
Ford,Ford TRANSIT CONNECT model range     NEW,FO039928,TRANSIT CNNCT 250 L2 1.5TDCi EBL 100 ACV,23A,2023.01,Van - Lwb/Exlwb,Transit Connect 250 L2 1.5TDCi EcoBlue 100 Active,Transit Connect,Transit Connect,FALSE,250 L2 1.5TDCi EcoBlue 100 Active,TRUE,TRUE,TRUE,29385,496.37,35262,35857.64,23/06/2022,NULL,04/04/2023,5,1498,33,Diesel,Manual,53.3,61.4,56.5,NULL,6,99,100.38,69.18,177,2250,4825,2137,1828,2501,1600,1335,750,3062,149,80,113,NULL,NULL,NULL,215/55R17 V,215/55R17 V,NULL,DISC,DISC,FALSE,transit-connect-fofc-23a.jpg,6,NULL,Transit Connect,7,36247.64,0,FO038822,ACTIVE,NULL,194735
Ford,Ford TRANSIT CONNECT model range     NEW,FO039929,TRANSIT CNNCT 250 L1 1.5TDCi EBL ACV AU,23A,2023.01,Van - Swb,Transit Connect 250 L1 1.5TDCi EcoBlue Active Auto,Transit Connect,Transit Connect,FALSE,250 L1 1.5TDCi EcoBlue Active Auto,TRUE,TRUE,TRUE,29135,496.37,34962,35557.64,23/06/2022,NULL,04/04/2023,5,1498,33,Diesel,Automatic,53.3,61.4,56.5,NULL,6,99,100.38,69.18,177,2250,4425,2137,1830,2501,1527,1408,750,2662,148,80,91.8,NULL,NULL,NULL,215/55R17 V,215/55R17 V,NULL,DISC,DISC,FALSE,transit-connect-fofc-23a.jpg,8,NULL,Transit Connect,7,35947.64,0,FO038823,ACTIVE,NULL,194736
Ford,Ford TRANSIT CONNECT model range     NEW,FO039930,TRANSIT CNNCT 250 L2 1.5TDCi EBL ACV AU,23A,2023.01,Van - Lwb/Exlwb,Transit Connect 250 L2 1.5TDCi EcoBlue Active Auto,Transit Connect,Transit Connect,FALSE,250 L2 1.5TDCi EcoBlue Active Auto,TRUE,TRUE,TRUE,30585,496.37,36702,37297.64,23/06/2022,NULL,04/04/2023,5,1498,33,Diesel,Automatic,53.3,61.4,56.5,NULL,6,99,100.38,69.18,177,2250,4825,2137,1828,2501,1600,1335,750,3062,149,80,113,NULL,NULL,NULL,215/55R17 V,215/55R17 V,NULL,DISC,DISC,FALSE,transit-connect-fofc-23a.jpg,8,NULL,Transit Connect,7,37687.64,0,FO038824,ACTIVE,NULL,194737
Ford,Ford TRANSIT CONNECT model range     NEW,FO039931,TRANSIT CNNCT 240L1 DCIV 1.5TDCi E/T AU,23A,2023.01,Van - Swb,Transit Connect 240L1 Double Cab In Van 1.5TDCi EcoBlue Trend Auto,Transit Connect,Transit Connect,FALSE,240L1 Double Cab In 1.5TDCi EcoBlue Trend Auto,TRUE,TRUE,TRUE,27010,496.37,32412,33007.64,23/06/2022,NULL,04/04/2023,5,1498,32,Diesel,Automatic,54.3,56.5,55.4,NULL,6,99,100.38,69.18,177,2250,4425,2137,1819,2360,1619,1469,750,2662,144,80,42.4,NULL,NULL,NULL,195/60R15 H,195/60R15 H,NULL,NULL,NULL,FALSE,transit-connect-fofc-23a.jpg,8,NULL,Transit Connect,5,33397.64,0,FO038825,TREND,NULL,194738
Ford,Ford TRANSIT CONNECT model range     NEW,FO039932,TRANSIT CNNCT 240L2 DCIV 1.5TDCi E/T AU,23A,2023.01,Van - Lwb/Exlwb,Transit Connect 240L2 Double Cab In Van 1.5TDCi EcoBlue Trend Auto,Transit Connect,Transit Connect,FALSE,240L2 Double Cab In 1.5TDCi EcoBlue Trend Auto,TRUE,TRUE,TRUE,28060,496.37,33672,34267.64,23/06/2022,NULL,04/04/2023,5,1498,32,Diesel,Automatic,49.6,53.3,52.3,NULL,6,99,100.38,69.18,177,2250,4825,2137,1820,2445,1675,1422,750,3062,144,80,56.5,NULL,NULL,NULL,195/60R15 H,195/60R15 H,NULL,NULL,NULL,FALSE,transit-connect-fofc-23a.jpg,8,NULL,Transit Connect,5,34657.64,0,FO038826,TREND,NULL,194739
Ford,Ford RANGER model range,FO043973,RANGER P/UP 3.0 EBI 240 DCB MS-RT AU 4X4,24A,2024.01,Pick-Up,Ranger Pick Up 3.0 EcoBlue 240 Double Cab Ms-Rt Auto 4X4,Ranger,Ranger,FALSE,Pick Up 3.0 EcoBlue 240 Double Cab Ms-Rt Auto 4X4,TRUE,TRUE,TRUE,49300,940.83,59160,60289,15/02/2024,NULL,15/02/2024,4,2999,40,Diesel,Automatic,28.8,42.2,31.7,NULL,6,237,240.29,165.62,NULL,NULL,5359,1850,1815,3350,2073,3500,NULL,3220,NULL,80,NULL,NULL,NULL,NULL,275/45R21 W 4x4,275/45R21 W 4x4,275/45R21 W 4x4,DISC,DRUM,FALSE,ranger-double-cab-raptor-fofr-24a.jpg,10,NULL,Ranger Double Cab Raptor,NULL,60679,0,NULL,MS-RT,NULL,202677
Ford,Ford RANGER model range,FO043675,RANGER P/UP 3.0 EBL 240 DCB WLDTK AU 4X4,24A,2024.01,Pick-Up,Ranger Pick Up 3.0 EcoBlue 240 Double Cab Wildtrak Auto 4X4,Ranger,Ranger,FALSE,Pick Up 3.0 EcoBlue 240 Double Cab Wildtrak Auto 4,TRUE,TRUE,TRUE,44400,940.83,53280,54409,07/12/2023,NULL,15/02/2024,4,2999,50,Diesel,Automatic,NULL,NULL,NULL,NULL,6,237,240.29,165.62,NULL,NULL,5359,1850,1815,3350,NULL,3500,NULL,3220,NULL,80,NULL,NULL,NULL,NULL,255/65R18 H 4x4,255/65R18 H 4x4,255/65R18 H 4x4,DISC,DRUM,FALSE,ranger-double-cab-pick-up-fofr-24a.jpg,10,NULL,Ranger Double Cab Pick Up,NULL,54799,0,FO042101,WILDTRAK,NULL,195929
Ford,Ford RANGER model range,FO043676,RANGER P/UP 2.0 EBL 205 DCB WLDTK AU 4X4,24A,2024.01,Pick-Up,Ranger Pick Up 2.0 EcoBlue 205 Double Cab Wildtrak Auto 4X4,Ranger,Ranger,FALSE,Pick Up 2.0 EcoBlue 205 Double Cab Wildtrak Auto 4,TRUE,TRUE,TRUE,39350,940.83,47220,48349,07/12/2023,NULL,15/02/2024,4,1999,50,Diesel,Automatic,NULL,NULL,NULL,NULL,6,202,204.81,141.16,NULL,NULL,5359,1850,1815,3280,NULL,3500,NULL,3220,NULL,80,NULL,NULL,NULL,NULL,255/65R18 H 4x4,255/65R18 H 4x4,255/65R18 H 4x4,DISC,DRUM,FALSE,ranger-double-cab-pick-up-fofr-24a.jpg,10,NULL,Ranger Double Cab Pick Up,NULL,48739,0,FO042102,WILDTRAK,NULL,195930
Ford,Ford RANGER model range,FO043677,RANGER PICKUP 2.0 ECBL 170 SNCB/C XL 4X4,24A,2024.01,Pick-Up,Ranger Pick Up 2.0 Ecoblue 170 Sncb/C XL 4X4,Ranger,Ranger,FALSE,Pick Up 2.0 Ecoblue 170 Sncb/C XL 4X4,TRUE,TRUE,TRUE,27550,940.83,33060,34189,07/12/2023,NULL,15/02/2024,4,1999,50,Diesel,Manual,34.5,44.1,33.2,NULL,6,168,170.21,125.28,NULL,NULL,5274,1850,1703,3190,2018,3500,750,3220,NULL,80,NULL,NULL,NULL,NULL,255/70R16 4x4,255/70R16 4x4,255/70R16 4x4,DISC,DRUM,FALSE,awaitingimage.jpg,6,NULL,Ranger Single Chassis Cab Pick Up,NULL,34579,0,FO042103,XL,NULL,197034
Ford,Ford RANGER model range,FO043678,RANGER PICKUP 2.0 ECBL 170 DB/CB XL 4X4,24A,2024.01,Pick-Up,Ranger Pick Up 2.0 Ecoblue 170 Double Cab XL 4X4,Ranger,Ranger,FALSE,Pick Up 2.0 Ecoblue 170 Double Cab XL 4X4,TRUE,TRUE,TRUE,29800,940.83,35760,36889,07/12/2023,NULL,15/02/2024,4,1999,50,Diesel,Manual,34.5,44.1,33.6,NULL,6,168,170.21,125.28,NULL,NULL,5359,1850,1815,3190,2130,3450,750,3220,NULL,80,NULL,NULL,NULL,NULL,255/70R16 4x4,255/70R16 4x4,255/70R16 4x4,DISC,DRUM,FALSE,ranger-double-cab-pick-up-fofr-24a.jpg,6,NULL,Ranger Double Cab Pick Up,NULL,37279,0,FO042104,XL,NULL,197035
Ford,Ford RANGER model range,FO043679,RANGER PICKUP 2.0 ECBL 170 DB/CB XLT 4X4,24A,2024.01,Pick-Up,Ranger Pick Up 2.0 Ecoblue 170 Double Cab Xlt 4X4,Ranger,Ranger,FALSE,Pick Up 2.0 Ecoblue 170 Double Cab Xlt 4X4,TRUE,TRUE,TRUE,31150,940.83,37380,38509,07/12/2023,NULL,15/02/2024,4,1999,50,Diesel,Manual,34.5,44.1,33.6,NULL,6,168,170.21,125.28,NULL,NULL,5359,1850,1815,3230,2130,3420,750,3220,NULL,80,NULL,NULL,NULL,NULL,255/70R16 4x4,255/70R16 4x4,255/70R16 4x4,DISC,DRUM,FALSE,ranger-double-cab-pick-up-fofr-24a.jpg,6,NULL,Ranger Double Cab Pick Up,NULL,38899,0,FO042105,XLT,NULL,197036
Ford,Ford RANGER model range,FO043680,RANGER P/UP 3.0 EBI 240 DCB PLTNM AU 4X4,24A,2024.01,Pick-Up,Ranger Pick Up 3.0 EcoBlue 240 Double Cab Platinum Auto 4X4,Ranger,Ranger,FALSE,Pick Up 3.0 EcoBlue 240 Double Cab Platinum Auto 4,TRUE,TRUE,TRUE,46450,940.83,55740,56869,07/12/2023,NULL,15/02/2024,4,2999,50,Diesel,Automatic,28.8,42.2,31.7,NULL,6,237,240.29,165.62,NULL,NULL,5359,1850,1815,3350,2073,3500,750,3220,NULL,80,NULL,NULL,NULL,NULL,255/65R18 H 4x4,255/65R18 H 4x4,255/65R18 H 4x4,DISC,DRUM,FALSE,ranger-double-cab-pick-up-fofr-24a.jpg,10,NULL,Ranger Double Cab Pick Up,NULL,57259,0,FO042106,PLATINUM,NULL,197037
Ford,Ford RANGER model range,FO043681,RANGER P/UP 2.0 ECBL 170 SN/CB XL 4X4,24A,2024.01,Pick-Up,Ranger Pick Up 2.0 Ecoblue 170 Single Cab XL 4X4,Ranger,Ranger,FALSE,Pick Up 2.0 Ecoblue 170 Single Cab XL 4X4,TRUE,TRUE,TRUE,28275,940.83,33930,35059,07/12/2023,NULL,15/02/2024,4,1999,50,Diesel,Manual,34.5,44.1,43.5,NULL,6,168,170.21,125.28,NULL,NULL,5274,1850,1703,3190,2018,3500,750,3220,NULL,80,NULL,NULL,NULL,NULL,255/70R16 4x4,255/70R16 4x4,255/70R16 4x4,DISC,DRUM,FALSE,ranger-single-cab-pick-up-fofr-24a.jpg,6,NULL,Ranger Single Cab Pick Up,NULL,35449,0,FO042107,XL,NULL,197038
Ford,Ford RANGER model range,FO043682,RANGER P/UP 2.0 EBL DCB TREMOR AU 4X4,24A,2024.01,Pick-Up,Ranger Pick Up 2.0 EcoBlue Double Cab Tremor Auto 4X4,Ranger,Ranger,FALSE,Pick Up 2.0 EcoBlue Double Cab Tremor Auto 4X4,TRUE,TRUE,TRUE,34550,940.83,41460,42589,07/12/2023,NULL,15/02/2024,4,1999,50,Diesel,Automatic,NULL,NULL,NULL,NULL,6,202,204.81,141.16,NULL,NULL,5359,1850,1815,3320,NULL,3500,NULL,3220,NULL,80,NULL,NULL,NULL,NULL,265/70R17 V 4x4,265/70R17 V 4x4,265/70R17 V 4x4,DISC,DRUM,FALSE,ranger-double-cab-pick-up-fofr-24a.jpg,10,NULL,Ranger Double Cab Pick Up,NULL,42979,0,FO042108,TREMOR,NULL,198536
Ford,Ford RANGER model range,FO043683,RANGER P/UP 2.0 EBL DCB WLDTK X AU 4X4,24A,2024.01,Pick-Up,Ranger Pick Up 2.0 EcoBlue Double Cab Wildtrak X Auto 4X4,Ranger,Ranger,FALSE,Pick Up 2.0 EcoBlue Double Cab Wildtrak X Auto 4X4,TRUE,TRUE,TRUE,41350,940.83,49620,50749,07/12/2023,NULL,15/02/2024,4,1999,50,Diesel,Automatic,NULL,NULL,NULL,NULL,6,202,204.81,141.16,NULL,NULL,5359,1850,1815,3350,NULL,3500,NULL,3220,NULL,80,NULL,NULL,NULL,NULL,265/70R17 V 4x4,265/70R17 V 4x4,265/70R17 V 4x4,DISC,DRUM,FALSE,ranger-double-cab-pick-up-fofr-24a.jpg,10,NULL,Ranger Double Cab Pick Up,NULL,51139,0,FO042109,WILDTRAK X,NULL,198537
Ford,Ford RANGER model range,FO043684,RANGER P/UP 3.0 EcBt 292 DCB RPTR AU 4X4,24A,2024.01,Pick-Up,Ranger Pick Up 3.0 EcoBoost 292 Double Cab Raptor Auto 4X4,Ranger,Ranger,FALSE,Pick Up 3.0 EcoBoost 292 Double Cab Raptor Auto 4X,TRUE,TRUE,TRUE,49300,940.83,59160,60289,07/12/2023,NULL,07/12/2023,4,2999,50,Petrol,Automatic,28.8,42.2,26.9,NULL,6,288,292,201.26,362.6,NULL,5359,1850,1815,3130,2510,2500,750,3220,NULL,80,NULL,NULL,NULL,NULL,285/70R17 T 4x4,285/70R17 T 4x4,285/70R17 T 4x4,DISC,DISC,FALSE,ranger-double-cab-raptor-fofr-24a.jpg,10,NULL,Ranger Double Cab Raptor,NULL,60679,0,FO042739,RAPTOR,NULL,194998
Ford,Ford RANGER model range,FO043685,RANGER P/UP 2.0 EBL 210 DCB RPTR AU 4X4,24A,2024.01,Pick-Up,Ranger Pick Up 2.0 EcoBlue 210 Double Cab Raptor Auto 4X4,Ranger,Ranger,FALSE,Pick Up 2.0 EcoBlue 210 Double Cab Raptor Auto 4X4,TRUE,TRUE,TRUE,46300,940.83,55560,56689,07/12/2023,NULL,07/12/2023,4,1999,50,Diesel,Automatic,NULL,NULL,NULL,NULL,6,207,209.88,144.65,368.8,NULL,5359,1850,1815,3270,NULL,NULL,NULL,3220,NULL,80,NULL,NULL,NULL,NULL,285/70R17 T 4x4,285/70R17 T 4x4,285/70R17 T 4x4,DISC,DISC,FALSE,ranger-double-cab-raptor-fofr-24a.jpg,10,NULL,Ranger Double Cab Raptor,NULL,57079,0,FO042740,RAPTOR,NULL,198010
Ford,Ford TOURNEO COURIER model range     NEW,FO042799,TOURNEO COURIER 5DR EST 1.0 125 ECBT TNM,24,2024,Estate,Tourneo Courier 5 Door Estate 1.0 125 EcoBoost Titanium,Tourneo Courier,Tourneo Courier,FALSE,1.0 125 EcoBoost Titanium,TRUE,FALSE,FALSE,20950,20.83,25140,25165,07/08/2023,NULL,07/08/2023,5,999,11,Petrol,Manual,NULL,NULL,NULL,NULL,6,123,124.71,85.95,NULL,NULL,NULL,NULL,NULL,2000,NULL,1000,NULL,NULL,NULL,NULL,NULL,NULL,NULL,NULL,205/65R16 V,205/65R16 V,Puncture repair kit,DISC,DRUM,FALSE,tourneo-courier-fogc-24.jpg,6,NULL,Tourneo Courier,NULL,25900,0,NULL,TITANIUM,NULL,199549
Ford,Ford TOURNEO COURIER model range     NEW,FO042800,TOURNEO COURIER 5DR EST 1.0 ECBT TTNM AU,24,2024,Estate,Tourneo Courier 5 Door Estate 1.0 EcoBoost Titanium Auto,Tourneo Courier,Tourneo Courier,FALSE,1.0 EcoBoost Titanium Auto,TRUE,FALSE,FALSE,21950,20.83,26340,26365,07/08/2023,NULL,07/08/2023,5,999,11,Petrol,Automatic,NULL,NULL,NULL,NULL,6,123,124.71,85.95,NULL,NULL,NULL,NULL,NULL,2025,NULL,1000,NULL,NULL,NULL,NULL,NULL,NULL,NULL,NULL,205/65R16 V,205/65R16 V,Puncture repair kit,DISC,DRUM,FALSE,tourneo-courier-fogc-24.jpg,7,NULL,Tourneo Courier,NULL,27100,0,NULL,TITANIUM,NULL,199550
Ford,Ford TOURNEO COURIER model range     NEW,FO042801,TOURNEO COURIER 5DR EST 1.0 125 ECBT ACV,24,2024,Estate,Tourneo Courier 5 Door Estate 1.0 125 EcoBoost Active,Tourneo Courier,Tourneo Courier,FALSE,1.0 125 EcoBoost Active,TRUE,FALSE,FALSE,22050,20.83,26460,26485,07/08/2023,NULL,07/08/2023,5,999,11,Petrol,Manual,NULL,NULL,NULL,NULL,6,123,124.71,85.95,NULL,NULL,NULL,NULL,NULL,2000,NULL,1000,NULL,NULL,NULL,NULL,NULL,NULL,NULL,NULL,215/55R17 V,215/55R17 V,Puncture repair kit,DISC,DRUM,FALSE,tourneo-courier-fogc-24.jpg,6,NULL,Tourneo Courier,NULL,27220,0,NULL,ACTIVE,NULL,199551
Ford,Ford TOURNEO COURIER model range     NEW,FO042802,TOURNEO COURIER 5DR EST 1.0 ECBT ACV AU,24,2024,Estate,Tourneo Courier 5 Door Estate 1.0 EcoBoost Active Auto,Tourneo Courier,Tourneo Courier,FALSE,1.0 EcoBoost Active Auto,TRUE,FALSE,FALSE,23050,20.83,27660,27685,07/08/2023,NULL,07/08/2023,5,999,11,Petrol,Automatic,NULL,NULL,NULL,NULL,6,123,124.71,85.95,NULL,NULL,NULL,NULL,NULL,2025,NULL,1000,NULL,NULL,NULL,NULL,NULL,NULL,NULL,NULL,215/55R17 V,215/55R17 V,Puncture repair kit,DISC,DRUM,FALSE,tourneo-courier-fogc-24.jpg,7,NULL,Tourneo Courier,NULL,28420,0,NULL,ACTIVE,NULL,199552
Ford,Ford TOURNEO CONNECT model range,FO043913,GRAND TOURNEO CNT 2.0 EBL 122 ACTVE 7ST,24A,2024.01,Estate,Grand Tourneo Connect 2.0 EcoBlue 122 Active 7Seat,Tourneo Connect,Tourneo Connect,FALSE,Grand 2.0 EcoBlue 122 Active,TRUE,FALSE,FALSE,28238,20.83,33885.6,33910.6,16/01/2024,NULL,16/01/2024,5,1995,9,Diesel,Manual,NULL,NULL,NULL,NULL,6,120,121.67,83.86,199.2,NULL,4418,2137,1852,NULL,NULL,NULL,NULL,NULL,NULL,50,NULL,NULL,NULL,NULL,215/55R17 V,215/55R17 V,Puncture repair kit,NULL,NULL,FALSE,tourneo-connect-fogt-24a.jpg,6,NULL,Tourneo Connect,7,34235.6,0,FO040812,ACTIVE,NULL,194465
Ford,Ford TOURNEO CONNECT model range,FO043914,GRAND TOURNEO CNT 2.0EBL 122 ACV AU 7ST,24A,2024.01,Estate,Grand Tourneo Connect 2.0EBL 122 Active Auto 7Seat,Tourneo Connect,Tourneo Connect,FALSE,Grand 2.0EBL 122 Active Auto,TRUE,FALSE,FALSE,29489,20.83,35386.8,35411.8,16/01/2024,NULL,16/01/2024,5,1995,9,Diesel,Automatic,NULL,NULL,NULL,NULL,6,120,121.67,83.86,199.2,NULL,4418,2137,1852,NULL,NULL,NULL,NULL,NULL,NULL,50,NULL,NULL,NULL,NULL,215/55R17 V,215/55R17 V,Puncture repair kit,NULL,NULL,FALSE,tourneo-connect-fogt-24a.jpg,7,NULL,Tourneo Connect,7,35736.8,0,FO040813,ACTIVE,NULL,194466
Ford,Ford TOURNEO CONNECT model range,FO043915,TOURNEO CONNECT 2.0 EBL 122 ACTIVE 7ST,24A,2024.01,Estate,Tourneo Connect 2.0 EcoBlue 122 Active 7Seat,Tourneo Connect,Tourneo Connect,FALSE,2.0 EcoBlue 122 Active,TRUE,FALSE,FALSE,28068,20.83,33681.6,33706.6,16/01/2024,NULL,16/01/2024,5,1995,9,Diesel,Manual,NULL,NULL,NULL,NULL,6,120,121.67,83.86,199.2,NULL,NULL,NULL,NULL,NULL,NULL,NULL,NULL,NULL,NULL,50,NULL,NULL,NULL,NULL,215/55R17 V,215/55R17 V,Puncture repair kit,NULL,NULL,FALSE,tourneo-connect-fogt-24a.jpg,6,NULL,Tourneo Connect,7,33981.6,0,FO040814,ACTIVE,NULL,194467
Ford,Ford TOURNEO CONNECT model range,FO043916,TOURNEO CONCT 2.0 EBL 122 ACTV AU 7ST,24A,2024.01,Estate,Tourneo Connect 2.0 EcoBlue 122 Activ Auto 7Seat,Tourneo Connect,Tourneo Connect,FALSE,2.0 EcoBlue 122 Activ Auto,TRUE,FALSE,FALSE,28969,20.83,34762.8,34787.8,16/01/2024,NULL,16/01/2024,5,1995,9,Diesel,Automatic,NULL,NULL,NULL,NULL,6,120,121.67,83.86,199.2,NULL,NULL,NULL,NULL,NULL,NULL,NULL,NULL,NULL,NULL,50,NULL,NULL,NULL,NULL,215/55R17 V,215/55R17 V,Puncture repair kit,NULL,NULL,FALSE,tourneo-connect-fogt-24a.jpg,7,NULL,Tourneo Connect,7,35112.8,0,FO040815,ACTIVE,NULL,194468
Ford,Ford TOURNEO CONNECT model range,FO043917,TOURNEO CONNECT 1.5 EcoBoost 114 SPORT,24A,2024.01,Estate,Tourneo Connect 1.5 EcoBoost 114 Sport,Tourneo Connect,Tourneo Connect,FALSE,1.5 EcoBoost 114 Sport,TRUE,FALSE,FALSE,27195,20.83,32634,32659,16/01/2024,NULL,16/01/2024,5,1498,9,Petrol,Manual,NULL,NULL,NULL,NULL,6,112,113.56,78.27,199.2,NULL,NULL,NULL,NULL,NULL,NULL,NULL,NULL,NULL,NULL,50,NULL,NULL,NULL,NULL,215/55R17 V,215/55R17 V,Puncture repair kit,NULL,NULL,FALSE,tourneo-connect-fogt-24a.jpg,6,NULL,Tourneo Connect,5,32984,0,FO040816,SPORT,NULL,195423
Ford,Ford TOURNEO CONNECT model range,FO043918,TOURNEO CONNECT 1.5 EcoBoost 114 SPT AU,24A,2024.01,Estate,Tourneo Connect 1.5 EcoBoost 114 Sport Auto,Tourneo Connect,Tourneo Connect,FALSE,1.5 EcoBoost 114 Sport Auto,TRUE,FALSE,FALSE,28096,20.83,33715.2,33740.2,16/01/2024,NULL,16/01/2024,5,1498,9,Petrol,Automatic,NULL,NULL,NULL,NULL,6,112,113.56,78.27,199.2,NULL,NULL,NULL,NULL,NULL,NULL,NULL,NULL,NULL,NULL,50,NULL,NULL,NULL,NULL,215/55R17 V,215/55R17 V,Puncture repair kit,NULL,NULL,FALSE,tourneo-connect-fogt-24a.jpg,7,NULL,Tourneo Connect,5,34475.2,0,FO040817,SPORT,NULL,195424
Ford,Ford TOURNEO CONNECT model range,FO043919,TOURNEO CONNECT 2.0 EcoBlue 122 SPORT,24A,2024.01,Estate,Tourneo Connect 2.0 EcoBlue 122 Sport,Tourneo Connect,Tourneo Connect,FALSE,2.0 EcoBlue 122 Sport,TRUE,FALSE,FALSE,27945,20.83,33534,33559,16/01/2024,NULL,16/01/2024,5,1995,9,Diesel,Manual,NULL,NULL,NULL,NULL,6,120,121.67,83.86,199.2,NULL,NULL,NULL,NULL,NULL,NULL,NULL,NULL,NULL,NULL,50,NULL,NULL,NULL,NULL,215/55R17 V,215/55R17 V,Puncture repair kit,NULL,NULL,FALSE,tourneo-connect-fogt-24a.jpg,6,NULL,Tourneo Connect,5,33834,0,FO040818,SPORT,NULL,195425
Ford,Ford TOURNEO CONNECT model range,FO043920,TOURNEO CONNECT 2.0 EcoBlue 122 SPORT AU,24A,2024.01,Estate,Tourneo Connect 2.0 EcoBlue 122 Sport Auto,Tourneo Connect,Tourneo Connect,FALSE,2.0 EcoBlue 122 Sport Auto,TRUE,FALSE,FALSE,28846,20.83,34615.2,34640.2,16/01/2024,NULL,16/01/2024,5,1995,9,Diesel,Automatic,NULL,NULL,NULL,NULL,6,120,121.67,83.86,199.2,NULL,NULL,NULL,NULL,NULL,NULL,NULL,NULL,NULL,NULL,50,NULL,NULL,NULL,NULL,215/55R17 V,215/55R17 V,Puncture repair kit,NULL,NULL,FALSE,tourneo-connect-fogt-24a.jpg,7,NULL,Tourneo Connect,5,34965.2,0,FO040819,SPORT,NULL,195426
Ford,Ford TOURNEO CONNECT model range,FO043921,GRAND TOURNEO CONNECT 1.5 EcBt 114 SPORT,24A,2024.01,Estate,Grand Tourneo Connect 1.5 EcoBoost 114 Sport,Tourneo Connect,Tourneo Connect,FALSE,Grand 1.5 EcoBoost 114 Sport,TRUE,FALSE,FALSE,27995,20.83,33594,33619,16/01/2024,NULL,16/01/2024,5,1498,9,Petrol,Manual,NULL,NULL,NULL,NULL,6,112,113.56,78.27,199.2,NULL,NULL,NULL,NULL,NULL,NULL,NULL,NULL,NULL,NULL,50,NULL,NULL,NULL,NULL,215/55R17 V,215/55R17 V,Puncture repair kit,NULL,NULL,FALSE,tourneo-connect-fogt-24a.jpg,6,NULL,Tourneo Connect,5,33944,0,FO040820,SPORT,NULL,195427
Ford,Ford TOURNEO CONNECT model range,FO043922,GRAND TOURNEO CNNCT 1.5 EcBt 114 SPT AU,24A,2024.01,Estate,Grand Tourneo Connect 1.5 EcoBoost 114 Sport Auto,Tourneo Connect,Tourneo Connect,FALSE,Grand 1.5 EcoBoost 114 Sport Auto,TRUE,FALSE,FALSE,29246,20.83,35095.2,35120.2,16/01/2024,NULL,16/01/2024,5,1498,9,Petrol,Automatic,NULL,NULL,NULL,NULL,6,112,113.56,78.27,199.2,NULL,NULL,NULL,NULL,NULL,NULL,NULL,NULL,NULL,NULL,50,NULL,NULL,NULL,NULL,215/55R17 V,215/55R17 V,Puncture repair kit,NULL,NULL,FALSE,tourneo-connect-fogt-24a.jpg,7,NULL,Tourneo Connect,5,35855.2,0,FO040821,SPORT,NULL,195428
Ford,Ford TOURNEO CONNECT model range,FO043923,GRAND TOURNEO CONNECT 2.0 EBL 122 SPORT,24A,2024.01,Estate,Grand Tourneo Connect 2.0 EcoBlue 122 Sport,Tourneo Connect,Tourneo Connect,FALSE,Grand 2.0 EcoBlue 122 Sport,TRUE,FALSE,FALSE,28745,20.83,34494,34519,16/01/2024,NULL,16/01/2024,5,1995,9,Diesel,Manual,NULL,NULL,NULL,NULL,6,120,121.67,83.86,199.2,NULL,NULL,NULL,NULL,NULL,NULL,NULL,NULL,NULL,NULL,50,NULL,NULL,NULL,NULL,215/55R17 V,215/55R17 V,Puncture repair kit,NULL,NULL,FALSE,tourneo-connect-fogt-24a.jpg,6,NULL,Tourneo Connect,5,34844,0,FO040822,SPORT,NULL,195429
Ford,Ford TOURNEO CONNECT model range,FO043924,GRAND TOURNEO CNNCT 2.0 EBL 122 SPT AU,24A,2024.01,Estate,Grand Tourneo Connect 2.0 EcoBlue 122 Sport Auto,Tourneo Connect,Tourneo Connect,FALSE,Grand 2.0 EcoBlue 122 Sport Auto,TRUE,FALSE,FALSE,29996,20.83,35995.2,36020.2,16/01/2024,NULL,16/01/2024,5,1995,9,Diesel,Automatic,NULL,NULL,NULL,NULL,6,120,121.67,83.86,199.2,NULL,NULL,NULL,NULL,NULL,NULL,NULL,NULL,NULL,NULL,50,NULL,NULL,NULL,NULL,215/55R17 V,215/55R17 V,Puncture repair kit,NULL,NULL,FALSE,tourneo-connect-fogt-24a.jpg,7,NULL,Tourneo Connect,5,36345.2,0,FO040823,SPORT,NULL,195430
Ford,Ford TOURNEO CONNECT model range,FO043925,TOURNEO CONNECT 1.5 EcoBoost 114 SPT 7ST,24A,2024.01,Estate,Tourneo Connect 1.5 EcoBoost 114 Sport 7Seat,Tourneo Connect,Tourneo Connect,FALSE,1.5 EcoBoost 114 Sport,TRUE,FALSE,FALSE,27825,20.83,33390,33415,16/01/2024,NULL,16/01/2024,5,1498,9,Petrol,Manual,NULL,NULL,NULL,NULL,6,112,113.56,78.27,199.2,NULL,NULL,NULL,NULL,NULL,NULL,NULL,NULL,NULL,NULL,50,NULL,NULL,NULL,NULL,215/55R17 V,215/55R17 V,Puncture repair kit,NULL,NULL,FALSE,tourneo-connect-fogt-24a.jpg,6,NULL,Tourneo Connect,7,33740,0,FO040824,SPORT,NULL,195822
Ford,Ford TOURNEO CONNECT model range,FO043926,TOURNEO CONNECT 1.5 EcBt 114 SPT AU 7ST,24A,2024.01,Estate,Tourneo Connect 1.5 EcoBoost 114 Sport Auto 7Seat,Tourneo Connect,Tourneo Connect,FALSE,1.5 EcoBoost 114 Sport Auto,TRUE,FALSE,FALSE,28726,20.83,34471.2,34496.2,16/01/2024,NULL,16/01/2024,5,1498,9,Petrol,Automatic,NULL,NULL,NULL,NULL,6,112,113.56,78.27,199.2,NULL,NULL,NULL,NULL,NULL,NULL,NULL,NULL,NULL,NULL,50,NULL,NULL,NULL,NULL,215/55R17 V,215/55R17 V,Puncture repair kit,NULL,NULL,FALSE,tourneo-connect-fogt-24a.jpg,7,NULL,Tourneo Connect,7,35231.2,0,FO040825,SPORT,NULL,195823
Ford,Ford TOURNEO CONNECT model range,FO043927,TOURNEO CONNECT 2.0 EcoBlue 122 SPT 7ST,24A,2024.01,Estate,Tourneo Connect 2.0 EcoBlue 122 Sport 7Seat,Tourneo Connect,Tourneo Connect,FALSE,2.0 EcoBlue 122 Sport,TRUE,FALSE,FALSE,28575,20.83,34290,34315,16/01/2024,NULL,16/01/2024,5,1995,9,Diesel,Manual,NULL,NULL,NULL,NULL,6,120,121.67,83.86,199.2,NULL,NULL,NULL,NULL,NULL,NULL,NULL,NULL,NULL,NULL,50,NULL,NULL,NULL,NULL,215/55R17 V,215/55R17 V,Puncture repair kit,NULL,NULL,FALSE,tourneo-connect-fogt-24a.jpg,6,NULL,Tourneo Connect,7,34590,0,FO040826,SPORT,NULL,195824
Ford,Ford TOURNEO CONNECT model range,FO043928,TOURNEO CONNECT 2.0 EBL 122 SPT AU 7ST,24A,2024.01,Estate,Tourneo Connect 2.0 EcoBlue 122 Sport Auto 7Seat,Tourneo Connect,Tourneo Connect,FALSE,2.0 EcoBlue 122 Sport Auto,TRUE,FALSE,FALSE,29476,20.83,35371.2,35396.2,16/01/2024,NULL,16/01/2024,5,1995,9,Diesel,Automatic,NULL,NULL,NULL,NULL,6,120,121.67,83.86,199.2,NULL,NULL,NULL,NULL,NULL,NULL,NULL,NULL,NULL,NULL,50,NULL,NULL,NULL,NULL,215/55R17 V,215/55R17 V,Puncture repair kit,NULL,NULL,FALSE,tourneo-connect-fogt-24a.jpg,7,NULL,Tourneo Connect,7,35721.2,0,FO040827,SPORT,NULL,195825
Ford,Ford TOURNEO CONNECT model range,FO043929,GRAND TOURNEO CNT 1.5 EcBt 114 SPT 7ST,24A,2024.01,Estate,Grand Tourneo Connect 1.5 EcoBoost 114 Sport 7Seat,Tourneo Connect,Tourneo Connect,FALSE,Grand 1.5 EcoBoost 114 Sport,TRUE,FALSE,FALSE,27995,20.83,33594,33619,16/01/2024,NULL,16/01/2024,5,1498,9,Petrol,Manual,NULL,NULL,NULL,NULL,6,112,113.56,78.27,199.2,NULL,NULL,NULL,NULL,NULL,NULL,NULL,NULL,NULL,NULL,50,NULL,NULL,NULL,NULL,215/55R17 V,215/55R17 V,Puncture repair kit,NULL,NULL,FALSE,tourneo-connect-fogt-24a.jpg,6,NULL,Tourneo Connect,7,33944,0,FO040828,SPORT,NULL,195826
Ford,Ford TOURNEO CONNECT model range,FO043930,GRAND TOURNEO CNT 1.5EcBt 114 SPT AU 7ST,24A,2024.01,Estate,Grand Tourneo Connect 1.5EcBt 114 Sport Auto 7Seat,Tourneo Connect,Tourneo Connect,FALSE,Grand 1.5EcBt 114 Sport Auto,TRUE,FALSE,FALSE,29246,20.83,35095.2,35120.2,16/01/2024,NULL,16/01/2024,5,1498,9,Petrol,Automatic,NULL,NULL,NULL,NULL,6,112,113.56,78.27,199.2,NULL,NULL,NULL,NULL,NULL,NULL,NULL,NULL,NULL,NULL,50,NULL,NULL,NULL,NULL,215/55R17 V,215/55R17 V,Puncture repair kit,NULL,NULL,FALSE,tourneo-connect-fogt-24a.jpg,7,NULL,Tourneo Connect,7,35855.2,0,FO040829,SPORT,NULL,195827
Ford,Ford TOURNEO CONNECT model range,FO043931,GRAND TOURNEO CNT 2.0 EBL 122 SPORT 7ST,24A,2024.01,Estate,Grand Tourneo Connect 2.0 EcoBlue 122 Sport 7Seat,Tourneo Connect,Tourneo Connect,FALSE,Grand 2.0 EcoBlue 122 Sport,TRUE,FALSE,FALSE,28745,20.83,34494,34519,16/01/2024,NULL,16/01/2024,5,1995,9,Diesel,Manual,NULL,NULL,NULL,NULL,6,120,121.67,83.86,199.2,NULL,NULL,NULL,NULL,NULL,NULL,NULL,NULL,NULL,NULL,50,NULL,NULL,NULL,NULL,215/55R17 V,215/55R17 V,Puncture repair kit,NULL,NULL,FALSE,tourneo-connect-fogt-24a.jpg,6,NULL,Tourneo Connect,7,34844,0,FO040830,SPORT,NULL,195828
Ford,Ford TOURNEO CONNECT model range,FO043932,GRAND TOURNEO CNT 2.0 EBL 122 SPT AU 7ST,24A,2024.01,Estate,Grand Tourneo Connect 2.0 EcoBlue 122 Sport Auto 7Seat,Tourneo Connect,Tourneo Connect,FALSE,Grand 2.0 EcoBlue 122 Sport Auto,TRUE,FALSE,FALSE,29996,20.83,35995.2,36020.2,16/01/2024,NULL,16/01/2024,5,1995,9,Diesel,Automatic,NULL,NULL,NULL,NULL,6,120,121.67,83.86,199.2,NULL,NULL,NULL,NULL,NULL,NULL,NULL,NULL,NULL,NULL,50,NULL,NULL,NULL,NULL,215/55R17 V,215/55R17 V,Puncture repair kit,NULL,NULL,FALSE,tourneo-connect-fogt-24a.jpg,7,NULL,Tourneo Connect,7,36345.2,0,FO040831,SPORT,NULL,195829
Ford,Ford TOURNEO CONNECT model range,FO043885,GRAND TOURNEO CONNECT 1.5 EcBt 114 TNM,24A,2024.01,Estate,Grand Tourneo Connect 1.5 EcoBoost 114 Titanium,Tourneo Connect,Tourneo Connect,FALSE,Grand 1.5 EcoBoost 114 Titanium,TRUE,FALSE,FALSE,26716,20.83,32059.2,32084.2,16/01/2024,NULL,16/01/2024,5,1498,9,Petrol,Manual,NULL,NULL,NULL,NULL,6,112,113.56,78.27,199.2,NULL,4418,2137,1852,NULL,NULL,NULL,NULL,NULL,NULL,50,NULL,NULL,NULL,NULL,205/60R16 H,205/60R16 H,Puncture repair kit,NULL,NULL,FALSE,tourneo-connect-fogt-24a.jpg,6,NULL,Tourneo Connect,5,32409.2,0,FO040784,TITANIUM,NULL,194437
Ford,Ford TOURNEO CONNECT model range,FO043886,GRAND TOURNEO CNNCT 1.5 EcBt 114 TNM AU,24A,2024.01,Estate,Grand Tourneo Connect 1.5 EcoBoost 114 Titanium Auto,Tourneo Connect,Tourneo Connect,FALSE,Grand 1.5 EcoBoost 114 Titanium Auto,TRUE,FALSE,FALSE,27967,20.83,33560.4,33585.4,16/01/2024,NULL,16/01/2024,5,1498,9,Petrol,Automatic,NULL,NULL,NULL,NULL,6,112,113.56,78.27,199.2,NULL,4418,2137,1852,NULL,NULL,NULL,NULL,NULL,NULL,50,NULL,NULL,NULL,NULL,205/60R16 H,205/60R16 H,Puncture repair kit,NULL,NULL,FALSE,tourneo-connect-fogt-24a.jpg,7,NULL,Tourneo Connect,5,34320.4,0,FO040785,TITANIUM,NULL,194438
Ford,Ford TOURNEO CONNECT model range,FO043887,TOURNEO CONNECT 1.5 EcBt 114 TITANIUM,24A,2024.01,Estate,Tourneo Connect 1.5 EcoBoost 114 Titanium,Tourneo Connect,Tourneo Connect,FALSE,1.5 EcoBoost 114 Titanium,TRUE,FALSE,FALSE,25916,20.83,31099.2,31124.2,16/01/2024,NULL,16/01/2024,5,1498,9,Petrol,Manual,NULL,NULL,NULL,NULL,6,112,113.56,78.27,199.2,NULL,NULL,NULL,NULL,NULL,NULL,NULL,NULL,NULL,NULL,50,NULL,NULL,NULL,NULL,205/60R16 H,205/60R16 H,Puncture repair kit,NULL,NULL,FALSE,tourneo-connect-fogt-24a.jpg,6,NULL,Tourneo Connect,5,31449.2,0,FO040786,TITANIUM,NULL,194439
Ford,Ford TOURNEO CONNECT model range,FO043888,TOURNEO CONNECT 1.5 EcBt 114 TTNM AU,24A,2024.01,Estate,Tourneo Connect 1.5 EcoBoost 114 Titanium Auto,Tourneo Connect,Tourneo Connect,FALSE,1.5 EcoBoost 114 Titanium Auto,TRUE,FALSE,FALSE,26817,20.83,32180.4,32205.4,16/01/2024,NULL,16/01/2024,5,1498,9,Petrol,Automatic,NULL,NULL,NULL,NULL,6,112,113.56,78.27,199.2,NULL,NULL,NULL,NULL,NULL,NULL,NULL,NULL,NULL,NULL,50,NULL,NULL,NULL,NULL,205/60R16 H,205/60R16 H,Puncture repair kit,NULL,NULL,FALSE,tourneo-connect-fogt-24a.jpg,7,NULL,Tourneo Connect,5,32940.4,0,FO040787,TITANIUM,NULL,194440
Ford,Ford TOURNEO CONNECT model range,FO043889,GRAND TOURNEO CONNECT 1.5 EcBt 114 ACTVE,24A,2024.01,Estate,Grand Tourneo Connect 1.5 EcoBoost 114 Active,Tourneo Connect,Tourneo Connect,FALSE,Grand 1.5 EcoBoost 114 Active,TRUE,FALSE,FALSE,27488,20.83,32985.6,33010.6,16/01/2024,NULL,16/01/2024,5,1498,9,Petrol,Manual,NULL,NULL,NULL,NULL,6,112,113.56,78.27,199.2,NULL,4418,2137,1852,NULL,NULL,NULL,NULL,NULL,NULL,50,NULL,NULL,NULL,NULL,215/55R17 V,215/55R17 V,Puncture repair kit,NULL,NULL,FALSE,tourneo-connect-fogt-24a.jpg,6,NULL,Tourneo Connect,5,33335.6,0,FO040788,ACTIVE,NULL,194441
Ford,Ford TOURNEO CONNECT model range,FO043890,GRAND TOURNEO CNNCT 1.5 EcBt 114 ACV AU,24A,2024.01,Estate,Grand Tourneo Connect 1.5 EcoBoost 114 Active Auto,Tourneo Connect,Tourneo Connect,FALSE,Grand 1.5 EcoBoost 114 Active Auto,TRUE,FALSE,FALSE,28739,20.83,34486.8,34511.8,16/01/2024,NULL,16/01/2024,5,1498,9,Petrol,Automatic,NULL,NULL,NULL,NULL,6,112,113.56,78.27,199.2,NULL,4418,2137,1852,NULL,NULL,NULL,NULL,NULL,NULL,50,NULL,NULL,NULL,NULL,215/55R17 V,215/55R17 V,Puncture repair kit,NULL,NULL,FALSE,tourneo-connect-fogt-24a.jpg,7,NULL,Tourneo Connect,5,35246.8,0,FO040789,ACTIVE,NULL,194442
Ford,Ford TOURNEO CONNECT model range,FO043891,TOURNEO CONNECT 1.5 EcBt 114 ACTIVE,24A,2024.01,Estate,Tourneo Connect 1.5 EcoBoost 114 Active,Tourneo Connect,Tourneo Connect,FALSE,1.5 EcoBoost 114 Active,TRUE,FALSE,FALSE,26688,20.83,32025.6,32050.6,16/01/2024,NULL,16/01/2024,5,1498,9,Petrol,Manual,NULL,NULL,NULL,NULL,6,112,113.56,78.27,199.2,NULL,NULL,NULL,NULL,NULL,NULL,NULL,NULL,NULL,NULL,50,NULL,NULL,NULL,NULL,215/55R17 V,215/55R17 V,Puncture repair kit,NULL,NULL,FALSE,tourneo-connect-fogt-24a.jpg,6,NULL,Tourneo Connect,5,32375.6,0,FO040790,ACTIVE,NULL,194443
Ford,Ford TOURNEO CONNECT model range,FO043892,TOURNEO CONNECT 1.5 EcBt 114 ACTV AU,24A,2024.01,Estate,Tourneo Connect 1.5 EcoBoost 114 Activ Auto,Tourneo Connect,Tourneo Connect,FALSE,1.5 EcoBoost 114 Activ Auto,TRUE,FALSE,FALSE,27589,20.83,33106.8,33131.8,16/01/2024,NULL,16/01/2024,5,1498,9,Petrol,Automatic,NULL,NULL,NULL,NULL,6,112,113.56,78.27,199.2,NULL,NULL,NULL,NULL,NULL,NULL,NULL,NULL,NULL,NULL,50,NULL,NULL,NULL,NULL,215/55R17 V,215/55R17 V,Puncture repair kit,NULL,NULL,FALSE,tourneo-connect-fogt-24a.jpg,7,NULL,Tourneo Connect,5,33866.8,0,FO040791,ACTIVE,NULL,194444
Ford,Ford TOURNEO CONNECT model range,FO043893,GRAND TOURNEO CONNECT 2.0 EBL 122 TNM,24A,2024.01,Estate,Grand Tourneo Connect 2.0 EcoBlue 122 Titanium,Tourneo Connect,Tourneo Connect,FALSE,Grand 2.0 EcoBlue 122 Titanium,TRUE,FALSE,FALSE,27466,20.83,32959.2,32984.2,16/01/2024,NULL,16/01/2024,5,1995,9,Diesel,Manual,NULL,NULL,NULL,NULL,6,120,121.67,83.86,199.2,NULL,4418,2137,1852,NULL,NULL,NULL,NULL,NULL,NULL,50,NULL,NULL,NULL,NULL,205/60R16 H,205/60R16 H,Puncture repair kit,NULL,NULL,FALSE,tourneo-connect-fogt-24a.jpg,6,NULL,Tourneo Connect,5,33309.2,0,FO040792,TITANIUM,NULL,194445
Ford,Ford TOURNEO CONNECT model range,FO043894,GRAND TOURNEO CNNCT 2.0 EBL 122 TNM AU,24A,2024.01,Estate,Grand Tourneo Connect 2.0 EcoBlue 122 Titanium Auto,Tourneo Connect,Tourneo Connect,FALSE,Grand 2.0 EcoBlue 122 Titanium Auto,TRUE,FALSE,FALSE,28717,20.83,34460.4,34485.4,16/01/2024,NULL,16/01/2024,5,1995,9,Diesel,Automatic,NULL,NULL,NULL,NULL,6,120,121.67,83.86,199.2,NULL,4418,2137,1852,NULL,NULL,NULL,NULL,NULL,NULL,50,NULL,NULL,NULL,NULL,205/60R16 H,205/60R16 H,Puncture repair kit,NULL,NULL,FALSE,tourneo-connect-fogt-24a.jpg,7,NULL,Tourneo Connect,5,34810.4,0,FO040793,TITANIUM,NULL,194446
Ford,Ford TOURNEO CONNECT model range,FO043895,TOURNEO CONNECT 2.0 EBL 122 TITANIUM,24A,2024.01,Estate,Tourneo Connect 2.0 EcoBlue 122 Titanium,Tourneo Connect,Tourneo Connect,FALSE,2.0 EcoBlue 122 Titanium,TRUE,FALSE,FALSE,26666,20.83,31999.2,32024.2,16/01/2024,NULL,16/01/2024,5,1995,9,Diesel,Manual,NULL,NULL,NULL,NULL,6,120,121.67,83.86,199.2,NULL,NULL,NULL,NULL,NULL,NULL,NULL,NULL,NULL,NULL,50,NULL,NULL,NULL,NULL,205/60R16 H,205/60R16 H,Puncture repair kit,NULL,NULL,FALSE,tourneo-connect-fogt-24a.jpg,6,NULL,Tourneo Connect,5,32299.2,0,FO040794,TITANIUM,NULL,194447
Ford,Ford TOURNEO CONNECT model range,FO043896,TOURNEO CONNECT 2.0 EBL 122 TTNM AU,24A,2024.01,Estate,Tourneo Connect 2.0 EcoBlue 122 Titanium Auto,Tourneo Connect,Tourneo Connect,FALSE,2.0 EcoBlue 122 Titanium Auto,TRUE,FALSE,FALSE,27567,20.83,33080.4,33105.4,16/01/2024,NULL,16/01/2024,5,1995,9,Diesel,Automatic,NULL,NULL,NULL,NULL,6,120,121.67,83.86,199.2,NULL,NULL,NULL,NULL,NULL,NULL,NULL,NULL,NULL,NULL,50,NULL,NULL,NULL,NULL,205/60R16 H,205/60R16 H,Puncture repair kit,NULL,NULL,FALSE,tourneo-connect-fogt-24a.jpg,7,NULL,Tourneo Connect,5,33430.4,0,FO040795,TITANIUM,NULL,194448
Ford,Ford TOURNEO CONNECT model range,FO043897,GRAND TOURNEO CONNECT 2.0 EBL 122 ACTVE,24A,2024.01,Estate,Grand Tourneo Connect 2.0 EcoBlue 122 Active,Tourneo Connect,Tourneo Connect,FALSE,Grand 2.0 EcoBlue 122 Active,TRUE,FALSE,FALSE,28238,20.83,33885.6,33910.6,16/01/2024,NULL,16/01/2024,5,1995,9,Diesel,Manual,NULL,NULL,NULL,NULL,6,120,121.67,83.86,199.2,NULL,4418,2137,1852,NULL,NULL,NULL,NULL,NULL,NULL,50,NULL,NULL,NULL,NULL,215/55R17 V,215/55R17 V,Puncture repair kit,NULL,NULL,FALSE,tourneo-connect-fogt-24a.jpg,6,NULL,Tourneo Connect,5,34235.6,0,FO040796,ACTIVE,NULL,194449
Ford,Ford TOURNEO CONNECT model range,FO043898,GRAND TOURNEO CNNCT 2.0 EBL 122 ACV AU,24A,2024.01,Estate,Grand Tourneo Connect 2.0 EcoBlue 122 Active Auto,Tourneo Connect,Tourneo Connect,FALSE,Grand 2.0 EcoBlue 122 Active Auto,TRUE,FALSE,FALSE,29489,20.83,35386.8,35411.8,16/01/2024,NULL,16/01/2024,5,1995,9,Diesel,Automatic,NULL,NULL,NULL,NULL,6,120,121.67,83.86,199.2,NULL,4418,2137,1852,NULL,NULL,NULL,NULL,NULL,NULL,50,NULL,NULL,NULL,NULL,215/55R17 V,215/55R17 V,Puncture repair kit,NULL,NULL,FALSE,tourneo-connect-fogt-24a.jpg,7,NULL,Tourneo Connect,5,35736.8,0,FO040797,ACTIVE,NULL,194450
Ford,Ford TOURNEO CONNECT model range,FO043899,TOURNEO CONNECT 2.0 EBL 122 ACTIVE,24A,2024.01,Estate,Tourneo Connect 2.0 EcoBlue 122 Active,Tourneo Connect,Tourneo Connect,FALSE,2.0 EcoBlue 122 Active,TRUE,FALSE,FALSE,27438,20.83,32925.6,32950.6,16/01/2024,NULL,16/01/2024,5,1995,9,Diesel,Manual,NULL,NULL,NULL,NULL,6,120,121.67,83.86,199.2,NULL,NULL,NULL,NULL,NULL,NULL,NULL,NULL,NULL,NULL,50,NULL,NULL,NULL,NULL,215/55R17 V,215/55R17 V,Puncture repair kit,NULL,NULL,FALSE,tourneo-connect-fogt-24a.jpg,6,NULL,Tourneo Connect,5,33225.6,0,FO040798,ACTIVE,NULL,194451
Ford,Ford TOURNEO CONNECT model range,FO043900,TOURNEO CONNECT 2.0 EBL 122 ACTV AU,24A,2024.01,Estate,Tourneo Connect 2.0 EcoBlue 122 Activ Auto,Tourneo Connect,Tourneo Connect,FALSE,2.0 EcoBlue 122 Activ Auto,TRUE,FALSE,FALSE,28339,20.83,34006.8,34031.8,16/01/2024,NULL,16/01/2024,5,1995,9,Diesel,Automatic,NULL,NULL,NULL,NULL,6,120,121.67,83.86,199.2,NULL,NULL,NULL,NULL,NULL,NULL,NULL,NULL,NULL,NULL,50,NULL,NULL,NULL,NULL,215/55R17 V,215/55R17 V,Puncture repair kit,NULL,NULL,FALSE,tourneo-connect-fogt-24a.jpg,7,NULL,Tourneo Connect,5,34356.8,0,FO040799,ACTIVE,NULL,194452
Ford,Ford TOURNEO CONNECT model range,FO043901,GRAND TOURNEO CONCT 1.5 EcBt 114 TNM 7ST,24A,2024.01,Estate,Grand Tourneo Connect 1.5 EcoBoost 114 Titanium 7Seat,Tourneo Connect,Tourneo Connect,FALSE,Grand 1.5 EcoBoost 114 Titanium,TRUE,FALSE,FALSE,26716,20.83,32059.2,32084.2,16/01/2024,NULL,16/01/2024,5,1498,9,Petrol,Manual,NULL,NULL,NULL,NULL,6,112,113.56,78.27,199.2,NULL,4418,2137,1852,NULL,NULL,NULL,NULL,NULL,NULL,50,NULL,NULL,NULL,NULL,205/60R16 H,205/60R16 H,Puncture repair kit,NULL,NULL,FALSE,tourneo-connect-fogt-24a.jpg,6,NULL,Tourneo Connect,7,32409.2,0,FO040800,TITANIUM,NULL,194453
Ford,Ford TOURNEO CONNECT model range,FO043902,GRAND TOURNEO CNT 1.5EcBt 114 TNM AU 7ST,24A,2024.01,Estate,Grand Tourneo Connect 1.5EcBt 114 Titanium Auto 7Seat,Tourneo Connect,Tourneo Connect,FALSE,Grand 1.5EcBt 114 Titanium Auto,TRUE,FALSE,FALSE,27967,20.83,33560.4,33585.4,16/01/2024,NULL,16/01/2024,5,1498,9,Petrol,Automatic,NULL,NULL,NULL,NULL,6,112,113.56,78.27,199.2,NULL,4418,2137,1852,NULL,NULL,NULL,NULL,NULL,NULL,50,NULL,NULL,NULL,NULL,205/60R16 H,205/60R16 H,Puncture repair kit,NULL,NULL,FALSE,tourneo-connect-fogt-24a.jpg,7,NULL,Tourneo Connect,7,34320.4,0,FO040801,TITANIUM,NULL,194454
Ford,Ford TOURNEO CONNECT model range,FO043903,TOURNEO CONNECT 1.5 EcBt 114 TTNM 7SEAT,24A,2024.01,Estate,Tourneo Connect 1.5 EcoBoost 114 Titanium 7SEAT,Tourneo Connect,Tourneo Connect,FALSE,1.5 EcoBoost 114 Titanium,TRUE,FALSE,FALSE,26546,20.83,31855.2,31880.2,16/01/2024,NULL,16/01/2024,5,1498,9,Petrol,Manual,NULL,NULL,NULL,NULL,6,112,113.56,78.27,199.2,NULL,NULL,NULL,NULL,NULL,NULL,NULL,NULL,NULL,NULL,50,NULL,NULL,NULL,NULL,205/60R16 H,205/60R16 H,Puncture repair kit,NULL,NULL,FALSE,tourneo-connect-fogt-24a.jpg,6,NULL,Tourneo Connect,7,32205.2,0,FO040802,TITANIUM,NULL,194455
Ford,Ford TOURNEO CONNECT model range,FO043904,TOURNEO CONNECT 1.5 EcBt 114 TNM AU 7ST,24A,2024.01,Estate,Tourneo Connect 1.5 EcoBoost 114 Titanium Auto 7Seat,Tourneo Connect,Tourneo Connect,FALSE,1.5 EcoBoost 114 Titanium Auto,TRUE,FALSE,FALSE,27447,20.83,32936.4,32961.4,16/01/2024,NULL,16/01/2024,5,1498,9,Petrol,Automatic,NULL,NULL,NULL,NULL,6,112,113.56,78.27,199.2,NULL,NULL,NULL,NULL,NULL,NULL,NULL,NULL,NULL,NULL,50,NULL,NULL,NULL,NULL,205/60R16 H,205/60R16 H,Puncture repair kit,NULL,NULL,FALSE,tourneo-connect-fogt-24a.jpg,7,NULL,Tourneo Connect,7,33696.4,0,FO040803,TITANIUM,NULL,194456
Ford,Ford TOURNEO CONNECT model range,FO043905,GRAND TOURNEO CNT 1.5 EcBt 114 ACV 7ST,24A,2024.01,Estate,Grand Tourneo Connect 1.5 EcoBoost 114 Active 7Seat,Tourneo Connect,Tourneo Connect,FALSE,Grand 1.5 EcoBoost 114 Active,TRUE,FALSE,FALSE,27488,20.83,32985.6,33010.6,16/01/2024,NULL,16/01/2024,5,1498,9,Petrol,Manual,NULL,NULL,NULL,NULL,6,112,113.56,78.27,199.2,NULL,4418,2137,1852,NULL,NULL,NULL,NULL,NULL,NULL,50,NULL,NULL,NULL,NULL,215/55R17 V,215/55R17 V,Puncture repair kit,NULL,NULL,FALSE,tourneo-connect-fogt-24a.jpg,6,NULL,Tourneo Connect,7,33335.6,0,FO040804,ACTIVE,NULL,194457
Ford,Ford TOURNEO CONNECT model range,FO043906,GRAND TOURNEO CNT 1.5EcBt 114 ACV AU 7ST,24A,2024.01,Estate,Grand Tourneo Connect 1.5EcBt 114 Active Auto 7Seat,Tourneo Connect,Tourneo Connect,FALSE,Grand 1.5EcBt 114 Active Auto,TRUE,FALSE,FALSE,28739,20.83,34486.8,34511.8,16/01/2024,NULL,16/01/2024,5,1498,9,Petrol,Automatic,NULL,NULL,NULL,NULL,6,112,113.56,78.27,199.2,NULL,4418,2137,1852,NULL,NULL,NULL,NULL,NULL,NULL,50,NULL,NULL,NULL,NULL,215/55R17 V,215/55R17 V,Puncture repair kit,NULL,NULL,FALSE,tourneo-connect-fogt-24a.jpg,7,NULL,Tourneo Connect,7,35246.8,0,FO040805,ACTIVE,NULL,194458
Ford,Ford TOURNEO CONNECT model range,FO043907,TOURNEO CONNECT 1.5 EcBt 114 ACTIVE 7ST,24A,2024.01,Estate,Tourneo Connect 1.5 EcoBoost 114 Active 7Seat,Tourneo Connect,Tourneo Connect,FALSE,1.5 EcoBoost 114 Active,TRUE,FALSE,FALSE,27318,20.83,32781.6,32806.6,16/01/2024,NULL,16/01/2024,5,1498,9,Petrol,Manual,NULL,NULL,NULL,NULL,6,112,113.56,78.27,199.2,NULL,NULL,NULL,NULL,NULL,NULL,NULL,NULL,NULL,NULL,50,NULL,NULL,NULL,NULL,215/55R17 V,215/55R17 V,Puncture repair kit,NULL,NULL,FALSE,tourneo-connect-fogt-24a.jpg,6,NULL,Tourneo Connect,7,33131.6,0,FO040806,ACTIVE,NULL,194459
Ford,Ford TOURNEO CONNECT model range,FO043908,TOURNEO CONNECT 1.5 EcBt 114 ACTV AU 7ST,24A,2024.01,Estate,Tourneo Connect 1.5 EcoBoost 114 Activ Auto 7Seat,Tourneo Connect,Tourneo Connect,FALSE,1.5 EcoBoost 114 Activ Auto,TRUE,FALSE,FALSE,28219,20.83,33862.8,33887.8,16/01/2024,NULL,16/01/2024,5,1498,9,Petrol,Automatic,NULL,NULL,NULL,NULL,6,112,113.56,78.27,199.2,NULL,NULL,NULL,NULL,NULL,NULL,NULL,NULL,NULL,NULL,50,NULL,NULL,NULL,NULL,215/55R17 V,215/55R17 V,Puncture repair kit,NULL,NULL,FALSE,tourneo-connect-fogt-24a.jpg,7,NULL,Tourneo Connect,7,34622.8,0,FO040807,ACTIVE,NULL,194460
Ford,Ford TOURNEO CONNECT model range,FO043909,GRAND TOURNEO CONCT 2.0 EBL 122 TNM 7ST,24A,2024.01,Estate,Grand Tourneo Connect 2.0 EcoBlue 122 Titanium 7Seat,Tourneo Connect,Tourneo Connect,FALSE,Grand 2.0 EcoBlue 122 Titanium,TRUE,FALSE,FALSE,27466,20.83,32959.2,32984.2,16/01/2024,NULL,16/01/2024,5,1995,9,Diesel,Manual,NULL,NULL,NULL,NULL,6,120,121.67,83.86,199.2,NULL,4418,2137,1852,NULL,NULL,NULL,NULL,NULL,NULL,50,NULL,NULL,NULL,NULL,205/60R16 H,205/60R16 H,Puncture repair kit,NULL,NULL,FALSE,tourneo-connect-fogt-24a.jpg,6,NULL,Tourneo Connect,7,33309.2,0,FO040808,TITANIUM,NULL,194461
Ford,Ford TOURNEO CONNECT model range,FO043910,GRAND TOURNEO CNT 2.0 EBL 122 TNM AU 7ST,24A,2024.01,Estate,Grand Tourneo Connect 2.0 EcoBlue 122 Titanium Auto 7Seat,Tourneo Connect,Tourneo Connect,FALSE,Grand 2.0 EcoBlue 122 Titanium Auto,TRUE,FALSE,FALSE,28717,20.83,34460.4,34485.4,16/01/2024,NULL,16/01/2024,5,1995,9,Diesel,Automatic,NULL,NULL,NULL,NULL,6,120,121.67,83.86,199.2,NULL,4418,2137,1852,NULL,NULL,NULL,NULL,NULL,NULL,50,NULL,NULL,NULL,NULL,205/60R16 H,205/60R16 H,Puncture repair kit,NULL,NULL,FALSE,tourneo-connect-fogt-24a.jpg,7,NULL,Tourneo Connect,7,34810.4,0,FO040809,TITANIUM,NULL,194462
Ford,Ford TOURNEO CONNECT model range,FO043911,TOURNEO CONNECT 2.0 EBL 122 TTNM 7SEAT,24A,2024.01,Estate,Tourneo Connect 2.0 EcoBlue 122 Titanium 7SEAT,Tourneo Connect,Tourneo Connect,FALSE,2.0 EcoBlue 122 Titanium,TRUE,FALSE,FALSE,27296,20.83,32755.2,32780.2,16/01/2024,NULL,16/01/2024,5,1995,9,Diesel,Manual,NULL,NULL,NULL,NULL,6,120,121.67,83.86,199.2,NULL,NULL,NULL,NULL,NULL,NULL,NULL,NULL,NULL,NULL,50,NULL,NULL,NULL,NULL,205/60R16 H,205/60R16 H,Puncture repair kit,NULL,NULL,FALSE,tourneo-connect-fogt-24a.jpg,6,NULL,Tourneo Connect,7,33055.2,0,FO040810,TITANIUM,NULL,194463
Ford,Ford TOURNEO CONNECT model range,FO043912,TOURNEO CONNECT 2.0 EBL 122 TNM AU 7ST,24A,2024.01,Estate,Tourneo Connect 2.0 EcoBlue 122 Titanium Auto 7Seat,Tourneo Connect,Tourneo Connect,FALSE,2.0 EcoBlue 122 Titanium Auto,TRUE,FALSE,FALSE,28197,20.83,33836.4,33861.4,16/01/2024,NULL,16/01/2024,5,1995,9,Diesel,Automatic,NULL,NULL,NULL,NULL,6,120,121.67,83.86,199.2,NULL,NULL,NULL,NULL,NULL,NULL,NULL,NULL,NULL,NULL,50,NULL,NULL,NULL,NULL,205/60R16 H,205/60R16 H,Puncture repair kit,NULL,NULL,FALSE,tourneo-connect-fogt-24a.jpg,7,NULL,Tourneo Connect,7,34186.4,0,FO040811,TITANIUM,NULL,194464
Ford,Ford KUGA 5DR model range            NEW,FO043858,KUGA 5DR 1.5T EcoBoost 150 TITANIUM,24A,2024.01,Station Wagon,Kuga 5 Door 1.5T EcoBoost 150 Titanium,Kuga,Kuga 5 Door,FALSE,1.5T EcoBoost 150 Titanium,TRUE,FALSE,FALSE,26454.17,20.83,31745,31770,17/01/2024,NULL,01/04/2024,5,1498,21,Petrol,Manual,NULL,NULL,NULL,129,6,148,149.95,110.36,177,NULL,4614,2178,1678,NULL,NULL,NULL,NULL,2710,NULL,57,14.3,121,NULL,NULL,235/55R17 Y,235/55R17 Y,Space saver,NULL,NULL,FALSE,awaitingimage.jpg,6,NULL,Kuga,5,32095,0,NULL,TITANIUM,NULL,201749
Ford,Ford KUGA 5DR model range            NEW,FO043859,KUGA 5DR 1.5T EcoBoost 150 ST-LINE,24A,2024.01,Station Wagon,Kuga 5 Door 1.5T EcoBoost 150 St-Line,Kuga,Kuga 5 Door,FALSE,1.5T EcoBoost 150 St-Line,TRUE,FALSE,FALSE,30870.83,20.83,37045,37069.99,17/01/2024,NULL,01/04/2024,5,1498,21,Petrol,Manual,NULL,NULL,NULL,129,6,148,149.95,110.36,177,NULL,4620,2178,1666,NULL,NULL,NULL,NULL,2710,NULL,62,14.3,121,NULL,NULL,235/50R18 V,235/50R18 V,Space saver,NULL,NULL,FALSE,awaitingimage.jpg,6,NULL,Kuga,5,37394.99,0,NULL,ST-LINE,NULL,201750
Ford,Ford KUGA 5DR model range            NEW,FO043860,KUGA 5DR 2.5 DTC 243 PHEV ST-LINE  AU,24A,2024.01,Station Wagon,Kuga 5 Door 2.5 Duratec 243 Phev St-Line  Auto,Kuga,Kuga 5 Door,FALSE,2.5 Duratec 243 Phev St-Line  Auto,TRUE,FALSE,FALSE,33729.17,20.83,40475,40500,17/01/2024,NULL,01/04/2024,5,2498,22,Plug In Hybrid Petrol,Automatic,NULL,NULL,NULL,26,6,240,243.33,167.71,NULL,NULL,4620,2178,1666,NULL,NULL,NULL,NULL,2710,NULL,45,14.3,125,NULL,NULL,235/50R18 V,235/50R18 V,Space saver,NULL,NULL,FALSE,awaitingimage.jpg,1,NULL,Kuga,5,40555,0,NULL,ST-LINE,NULL,201751
Ford,Ford KUGA 5DR model range            NEW,FO043861,KUGA 5DR 1.5T EcoBoost 150 ST-LINE X,24A,2024.01,Station Wagon,Kuga 5 Door 1.5T EcoBoost 150 St-Line X,Kuga,Kuga 5 Door,FALSE,1.5T EcoBoost 150 St-Line X,TRUE,FALSE,FALSE,32454.17,20.83,38945,38970,17/01/2024,NULL,01/04/2024,5,1498,22,Petrol,Manual,NULL,NULL,NULL,129,6,148,149.95,110.36,177,NULL,4620,2178,1666,NULL,NULL,NULL,NULL,2710,NULL,62,14.3,121,NULL,NULL,235/45R19 Y,235/45R19 Y,Space saver,NULL,NULL,FALSE,awaitingimage.jpg,6,NULL,,,,,,,,